video_name,class_name,video_path,frame_count,fps,duration_sec,width,height,is_readable
cover_0001.avi,cover,Dataset\rawData\cover\cover_0001.avi,50,25,2.0,1280,720,True
cover_0002.avi,cover,Dataset\rawData\cover\cover_0002.avi,52,25,2.08,1280,720,True
cover_0003.avi,cover,Dataset\rawData\cover\cover_0003.avi,61,25,2.44,1280,720,True
cover_0004.avi,cover,Dataset\rawData\cover\cover_0004.avi,56,25,2.24,1280,720,True
cover_0005.avi,cover,Dataset\rawData\cover\cover_0005.avi,61,25,2.44,1280,720,True
cover_0006.avi,cover,Dataset\rawData\cover\cover_0006.avi,60,25,2.4,1280,720,True
cover_0007.avi,cover,Dataset\rawData\cover\cover_0007.avi,37,25,1.48,1280,720,True
cover_0008.avi,cover,Dataset\rawData\cover\cover_0008.avi,46,25,1.84,1280,720,True
cover_0009.avi,cover,Dataset\rawData\cover\cover_0009.avi,50,25,2.0,1280,720,True
cover_0010.avi,cover,Dataset\rawData\cover\cover_0010.avi,51,25,2.04,1280,720,True
cover_0011.avi,cover,Dataset\rawData\cover\cover_0011.avi,56,25,2.24,1280,720,True
cover_0012.avi,cover,Dataset\rawData\cover\cover_0012.avi,58,25,2.32,1280,720,True
cover_0013.avi,cover,Dataset\rawData\cover\cover_0013.avi,82,25,3.28,1280,720,True
cover_0014.avi,cover,Dataset\rawData\cover\cover_0014.avi,54,25,2.16,1280,720,True
cover_0015.avi,cover,Dataset\rawData\cover\cover_0015.avi,51,25,2.04,1280,720,True
cover_0016.avi,cover,Dataset\rawData\cover\cover_0016.avi,55,25,2.2,1280,720,True
cover_0017.avi,cover,Dataset\rawData\cover\cover_0017.avi,61,25,2.44,1280,720,True
cover_0018.avi,cover,Dataset\rawData\cover\cover_0018.avi,55,25,2.2,1280,720,True
cover_0019.avi,cover,Dataset\rawData\cover\cover_0019.avi,57,25,2.28,1280,720,True
cover_0020.avi,cover,Dataset\rawData\cover\cover_0020.avi,78,25,3.12,1280,720,True
cover_0021.avi,cover,Dataset\rawData\cover\cover_0021.avi,54,25,2.16,1280,720,True
cover_0022.avi,cover,Dataset\rawData\cover\cover_0022.avi,56,25,2.24,1280,720,True
cover_0023.avi,cover,Dataset\rawData\cover\cover_0023.avi,59,25,2.36,1280,720,True
cover_0024.avi,cover,Dataset\rawData\cover\cover_0024.avi,53,25,2.12,1280,720,True
cover_0025.avi,cover,Dataset\rawData\cover\cover_0025.avi,51,25,2.04,1280,720,True
cover_0026.avi,cover,Dataset\rawData\cover\cover_0026.avi,65,25,2.6,1280,720,True
cover_0027.avi,cover,Dataset\rawData\cover\cover_0027.avi,63,25,2.52,1280,720,True
cover_0028.avi,cover,Dataset\rawData\cover\cover_0028.avi,58,25,2.32,1280,720,True
cover_0029.avi,cover,Dataset\rawData\cover\cover_0029.avi,78,25,3.12,1280,720,True
cover_0030.avi,cover,Dataset\rawData\cover\cover_0030.avi,54,25,2.16,1280,720,True
cover_0031.avi,cover,Dataset\rawData\cover\cover_0031.avi,65,25,2.6,1280,720,True
cover_0032.avi,cover,Dataset\rawData\cover\cover_0032.avi,50,25,2.0,1280,720,True
cover_0033.avi,cover,Dataset\rawData\cover\cover_0033.avi,61,25,2.44,1280,720,True
cover_0034.avi,cover,Dataset\rawData\cover\cover_0034.avi,65,25,2.6,1280,720,True
cover_0035.avi,cover,Dataset\rawData\cover\cover_0035.avi,42,25,1.68,1280,720,True
cover_0036.avi,cover,Dataset\rawData\cover\cover_0036.avi,62,25,2.48,1280,720,True
cover_0037.avi,cover,Dataset\rawData\cover\cover_0037.avi,57,25,2.28,1280,720,True
cover_0038.avi,cover,Dataset\rawData\cover\cover_0038.avi,69,25,2.76,1280,720,True
cover_0039.avi,cover,Dataset\rawData\cover\cover_0039.avi,61,25,2.44,1280,720,True
cover_0040.avi,cover,Dataset\rawData\cover\cover_0040.avi,50,25,2.0,1280,720,True
cover_0041.avi,cover,Dataset\rawData\cover\cover_0041.avi,57,25,2.28,1280,720,True
cover_0042.avi,cover,Dataset\rawData\cover\cover_0042.avi,55,25,2.2,1280,720,True
cover_0043.avi,cover,Dataset\rawData\cover\cover_0043.avi,72,25,2.88,1280,720,True
cover_0044.avi,cover,Dataset\rawData\cover\cover_0044.avi,52,25,2.08,1280,720,True
cover_0045.avi,cover,Dataset\rawData\cover\cover_0045.avi,63,25,2.52,1280,720,True
cover_0046.avi,cover,Dataset\rawData\cover\cover_0046.avi,77,25,3.08,1280,720,True
cover_0047.avi,cover,Dataset\rawData\cover\cover_0047.avi,57,25,2.28,1280,720,True
cover_0048.avi,cover,Dataset\rawData\cover\cover_0048.avi,72,25,2.88,1280,720,True
cover_0049.avi,cover,Dataset\rawData\cover\cover_0049.avi,58,25,2.32,1280,720,True
cover_0050.avi,cover,Dataset\rawData\cover\cover_0050.avi,49,25,1.96,1280,720,True
cover_0051.avi,cover,Dataset\rawData\cover\cover_0051.avi,59,25,2.36,1280,720,True
cover_0052.avi,cover,Dataset\rawData\cover\cover_0052.avi,39,25,1.56,1280,720,True
cover_0053.avi,cover,Dataset\rawData\cover\cover_0053.avi,58,25,2.32,1280,720,True
cover_0054.avi,cover,Dataset\rawData\cover\cover_0054.avi,50,25,2.0,1280,720,True
cover_0055.avi,cover,Dataset\rawData\cover\cover_0055.avi,51,25,2.04,1280,720,True
cover_0056.avi,cover,Dataset\rawData\cover\cover_0056.avi,71,25,2.84,1280,720,True
cover_0057.avi,cover,Dataset\rawData\cover\cover_0057.avi,80,25,3.2,1280,720,True
cover_0058.avi,cover,Dataset\rawData\cover\cover_0058.avi,82,25,3.28,1280,720,True
cover_0059.avi,cover,Dataset\rawData\cover\cover_0059.avi,52,25,2.08,1280,720,True
cover_0060.avi,cover,Dataset\rawData\cover\cover_0060.avi,56,25,2.24,1280,720,True
cover_0061.avi,cover,Dataset\rawData\cover\cover_0061.avi,63,25,2.52,1280,720,True
cover_0062.avi,cover,Dataset\rawData\cover\cover_0062.avi,51,25,2.04,1280,720,True
cover_0063.avi,cover,Dataset\rawData\cover\cover_0063.avi,62,25,2.48,1280,720,True
cover_0064.avi,cover,Dataset\rawData\cover\cover_0064.avi,50,25,2.0,1280,720,True
cover_0065.avi,cover,Dataset\rawData\cover\cover_0065.avi,65,25,2.6,1280,720,True
cover_0066.avi,cover,Dataset\rawData\cover\cover_0066.avi,52,25,2.08,1280,720,True
cover_0067.avi,cover,Dataset\rawData\cover\cover_0067.avi,50,25,2.0,1280,720,True
cover_0068.avi,cover,Dataset\rawData\cover\cover_0068.avi,54,25,2.16,1280,720,True
cover_0069.avi,cover,Dataset\rawData\cover\cover_0069.avi,50,25,2.0,1280,720,True
cover_0070.avi,cover,Dataset\rawData\cover\cover_0070.avi,50,25,2.0,640,480,True
cover_0071.avi,cover,Dataset\rawData\cover\cover_0071.avi,59,25,2.36,640,480,True
cover_0072.avi,cover,Dataset\rawData\cover\cover_0072.avi,65,25,2.6,640,480,True
cover_0073.avi,cover,Dataset\rawData\cover\cover_0073.avi,66,25,2.64,640,480,True
cover_0074.avi,cover,Dataset\rawData\cover\cover_0074.avi,88,25,3.52,1280,720,True
cover_0075.avi,cover,Dataset\rawData\cover\cover_0075.avi,55,25,2.2,1280,720,True
cover_0076.avi,cover,Dataset\rawData\cover\cover_0076.avi,78,25,3.12,1280,720,True
cover_0077.avi,cover,Dataset\rawData\cover\cover_0077.avi,65,25,2.6,1280,720,True
cover_0078.avi,cover,Dataset\rawData\cover\cover_0078.avi,55,25,2.2,1280,720,True
cover_0079.avi,cover,Dataset\rawData\cover\cover_0079.avi,55,25,2.2,1280,720,True
cover_0080.avi,cover,Dataset\rawData\cover\cover_0080.avi,86,25,3.44,1280,720,True
cover_0081.avi,cover,Dataset\rawData\cover\cover_0081.avi,53,25,2.12,1280,720,True
cover_0082.avi,cover,Dataset\rawData\cover\cover_0082.avi,50,25,2.0,1280,720,True
cover_0083.avi,cover,Dataset\rawData\cover\cover_0083.avi,60,25,2.4,1280,720,True
cover_0084.avi,cover,Dataset\rawData\cover\cover_0084.avi,49,25,1.96,1280,720,True
cover_0085.avi,cover,Dataset\rawData\cover\cover_0085.avi,63,25,2.52,1280,720,True
cover_0086.avi,cover,Dataset\rawData\cover\cover_0086.avi,52,25,2.08,1280,720,True
cover_0087.avi,cover,Dataset\rawData\cover\cover_0087.avi,45,25,1.8,1280,720,True
cover_0088.avi,cover,Dataset\rawData\cover\cover_0088.avi,40,25,1.6,1280,720,True
cover_0089.avi,cover,Dataset\rawData\cover\cover_0089.avi,40,25,1.6,1280,720,True
cover_0090.avi,cover,Dataset\rawData\cover\cover_0090.avi,44,25,1.76,1280,720,True
cover_0091.avi,cover,Dataset\rawData\cover\cover_0091.avi,45,25,1.8,1280,720,True
cover_0092.avi,cover,Dataset\rawData\cover\cover_0092.avi,48,25,1.92,1280,720,True
cover_0093.avi,cover,Dataset\rawData\cover\cover_0093.avi,71,25,2.84,1280,720,True
cover_0094.avi,cover,Dataset\rawData\cover\cover_0094.avi,50,25,2.0,1280,720,True
cover_0095.avi,cover,Dataset\rawData\cover\cover_0095.avi,55,25,2.2,1280,720,True
cover_0096.avi,cover,Dataset\rawData\cover\cover_0096.avi,65,25,2.6,1280,720,True
cover_0097.avi,cover,Dataset\rawData\cover\cover_0097.avi,52,25,2.08,1280,720,True
cover_0098.avi,cover,Dataset\rawData\cover\cover_0098.avi,62,25,2.48,1280,720,True
cover_0099.avi,cover,Dataset\rawData\cover\cover_0099.avi,60,25,2.4,1280,720,True
cover_0100.avi,cover,Dataset\rawData\cover\cover_0100.avi,39,25,1.56,1280,720,True
cover_0101.avi,cover,Dataset\rawData\cover\cover_0101.avi,66,25,2.64,1280,720,True
cover_0102.avi,cover,Dataset\rawData\cover\cover_0102.avi,41,25,1.64,1280,720,True
cover_0103.avi,cover,Dataset\rawData\cover\cover_0103.avi,53,25,2.12,1280,720,True
cover_0104.avi,cover,Dataset\rawData\cover\cover_0104.avi,60,25,2.4,1280,720,True
cover_0105.avi,cover,Dataset\rawData\cover\cover_0105.avi,55,25,2.2,1280,720,True
cover_0106.avi,cover,Dataset\rawData\cover\cover_0106.avi,51,25,2.04,1280,720,True
cover_0107.avi,cover,Dataset\rawData\cover\cover_0107.avi,62,25,2.48,1280,720,True
cover_0108.avi,cover,Dataset\rawData\cover\cover_0108.avi,41,25,1.64,1280,720,True
cover_0109.avi,cover,Dataset\rawData\cover\cover_0109.avi,36,25,1.44,1280,720,True
cover_0110.avi,cover,Dataset\rawData\cover\cover_0110.avi,35,25,1.4,1280,720,True
cover_0111.avi,cover,Dataset\rawData\cover\cover_0111.avi,34,25,1.36,1280,720,True
cover_0112.avi,cover,Dataset\rawData\cover\cover_0112.avi,45,25,1.8,1280,720,True
cover_0113.avi,cover,Dataset\rawData\cover\cover_0113.avi,55,25,2.2,1280,720,True
cover_0114.avi,cover,Dataset\rawData\cover\cover_0114.avi,57,25,2.28,1280,720,True
cover_0115.avi,cover,Dataset\rawData\cover\cover_0115.avi,40,25,1.6,1280,720,True
cover_0116.avi,cover,Dataset\rawData\cover\cover_0116.avi,51,25,2.04,1280,720,True
cover_0117.avi,cover,Dataset\rawData\cover\cover_0117.avi,29,25,1.16,1280,720,True
cover_0118.avi,cover,Dataset\rawData\cover\cover_0118.avi,57,25,2.28,1280,720,True
cover_0119.avi,cover,Dataset\rawData\cover\cover_0119.avi,33,25,1.32,1280,720,True
cover_0120.avi,cover,Dataset\rawData\cover\cover_0120.avi,71,25,2.84,1280,720,True
cover_0121.avi,cover,Dataset\rawData\cover\cover_0121.avi,31,25,1.24,1280,720,True
cover_0122.avi,cover,Dataset\rawData\cover\cover_0122.avi,65,25,2.6,1280,720,True
cover_0123.avi,cover,Dataset\rawData\cover\cover_0123.avi,30,25,1.2,1280,720,True
cover_0124.avi,cover,Dataset\rawData\cover\cover_0124.avi,75,25,3.0,1280,720,True
cover_0125.avi,cover,Dataset\rawData\cover\cover_0125.avi,55,25,2.2,1280,720,True
cover_0126.avi,cover,Dataset\rawData\cover\cover_0126.avi,45,25,1.8,1280,720,True
cover_0127.avi,cover,Dataset\rawData\cover\cover_0127.avi,64,25,2.56,1280,720,True
cover_0128.avi,cover,Dataset\rawData\cover\cover_0128.avi,30,25,1.2,1280,720,True
cover_0129.avi,cover,Dataset\rawData\cover\cover_0129.avi,67,25,2.68,1280,720,True
cover_0130.avi,cover,Dataset\rawData\cover\cover_0130.avi,35,25,1.4,1280,720,True
cover_0131.avi,cover,Dataset\rawData\cover\cover_0131.avi,61,25,2.44,1280,720,True
cover_0132.avi,cover,Dataset\rawData\cover\cover_0132.avi,37,25,1.48,1280,720,True
cover_0133.avi,cover,Dataset\rawData\cover\cover_0133.avi,50,25,2.0,1280,720,True
cover_0134.avi,cover,Dataset\rawData\cover\cover_0134.avi,36,25,1.44,1280,720,True
cover_0135.avi,cover,Dataset\rawData\cover\cover_0135.avi,53,25,2.12,1280,720,True
cover_0136.avi,cover,Dataset\rawData\cover\cover_0136.avi,57,25,2.28,1280,720,True
cover_0137.avi,cover,Dataset\rawData\cover\cover_0137.avi,70,25,2.8,1280,720,True
cover_0138.avi,cover,Dataset\rawData\cover\cover_0138.avi,56,25,2.24,1280,720,True
cover_0139.avi,cover,Dataset\rawData\cover\cover_0139.avi,39,25,1.56,1280,720,True
cover_0140.avi,cover,Dataset\rawData\cover\cover_0140.avi,63,25,2.52,1280,720,True
cover_0141.avi,cover,Dataset\rawData\cover\cover_0141.avi,42,25,1.68,1280,720,True
cover_0142.avi,cover,Dataset\rawData\cover\cover_0142.avi,91,25,3.64,1280,720,True
cover_0143.avi,cover,Dataset\rawData\cover\cover_0143.avi,40,25,1.6,1280,720,True
cover_0144.avi,cover,Dataset\rawData\cover\cover_0144.avi,39,25,1.56,1280,720,True
cover_0145.avi,cover,Dataset\rawData\cover\cover_0145.avi,59,25,2.36,1280,720,True
cover_0146.avi,cover,Dataset\rawData\cover\cover_0146.avi,34,25,1.36,1280,720,True
cover_0147.avi,cover,Dataset\rawData\cover\cover_0147.avi,70,25,2.8,1280,720,True
cover_0148.avi,cover,Dataset\rawData\cover\cover_0148.avi,34,25,1.36,1280,720,True
cover_0149.avi,cover,Dataset\rawData\cover\cover_0149.avi,71,25,2.84,1280,720,True
cover_0150.avi,cover,Dataset\rawData\cover\cover_0150.avi,42,25,1.68,1280,720,True
cover_0151.avi,cover,Dataset\rawData\cover\cover_0151.avi,61,25,2.44,1280,720,True
cover_0152.avi,cover,Dataset\rawData\cover\cover_0152.avi,27,25,1.08,1280,720,True
cover_0153.avi,cover,Dataset\rawData\cover\cover_0153.avi,59,25,2.36,1280,720,True
cover_0154.avi,cover,Dataset\rawData\cover\cover_0154.avi,36,25,1.44,1280,720,True
cover_0155.avi,cover,Dataset\rawData\cover\cover_0155.avi,56,25,2.24,1280,720,True
cover_0156.avi,cover,Dataset\rawData\cover\cover_0156.avi,51,25,2.04,1280,720,True
cover_0157.avi,cover,Dataset\rawData\cover\cover_0157.avi,59,25,2.36,1280,720,True
cover_0158.avi,cover,Dataset\rawData\cover\cover_0158.avi,59,25,2.36,1280,720,True
cover_0159.avi,cover,Dataset\rawData\cover\cover_0159.avi,49,25,1.96,1280,720,True
cover_0160.avi,cover,Dataset\rawData\cover\cover_0160.avi,60,25,2.4,1280,720,True
cover_0161.avi,cover,Dataset\rawData\cover\cover_0161.avi,58,25,2.32,1280,720,True
cover_0162.avi,cover,Dataset\rawData\cover\cover_0162.avi,35,25,1.4,1280,720,True
cover_0163.avi,cover,Dataset\rawData\cover\cover_0163.avi,35,25,1.4,1280,720,True
cover_0164.avi,cover,Dataset\rawData\cover\cover_0164.avi,55,25,2.2,1280,720,True
cover_0165.avi,cover,Dataset\rawData\cover\cover_0165.avi,65,25,2.6,1280,720,True
cover_0166.avi,cover,Dataset\rawData\cover\cover_0166.avi,48,25,1.92,1280,720,True
cover_0167.avi,cover,Dataset\rawData\cover\cover_0167.avi,48,25,1.92,1280,720,True
cover_0168.avi,cover,Dataset\rawData\cover\cover_0168.avi,75,25,3.0,1280,720,True
cover_0169.avi,cover,Dataset\rawData\cover\cover_0169.avi,46,25,1.84,1280,720,True
cover_0170.avi,cover,Dataset\rawData\cover\cover_0170.avi,46,25,1.84,1280,720,True
cover_0171.avi,cover,Dataset\rawData\cover\cover_0171.avi,80,25,3.2,1280,720,True
cover_0172.avi,cover,Dataset\rawData\cover\cover_0172.avi,50,25,2.0,1280,720,True
cover_0173.avi,cover,Dataset\rawData\cover\cover_0173.avi,50,25,2.0,1280,720,True
cover_0174.avi,cover,Dataset\rawData\cover\cover_0174.avi,77,25,3.08,1280,720,True
cover_0175.avi,cover,Dataset\rawData\cover\cover_0175.avi,55,25,2.2,1280,720,True
cover_0176.avi,cover,Dataset\rawData\cover\cover_0176.avi,55,25,2.2,1280,720,True
cover_0177.avi,cover,Dataset\rawData\cover\cover_0177.avi,82,25,3.28,1280,720,True
cover_0178.avi,cover,Dataset\rawData\cover\cover_0178.avi,55,25,2.2,1280,720,True
cover_0179.avi,cover,Dataset\rawData\cover\cover_0179.avi,55,25,2.2,1280,720,True
cover_0180.avi,cover,Dataset\rawData\cover\cover_0180.avi,101,25,4.04,1280,720,True
cover_0181.avi,cover,Dataset\rawData\cover\cover_0181.avi,75,25,3.0,1280,720,True
cover_0182.avi,cover,Dataset\rawData\cover\cover_0182.avi,75,25,3.0,1280,720,True
cover_0183.avi,cover,Dataset\rawData\cover\cover_0183.avi,63,25,2.52,1280,720,True
cover_0184.avi,cover,Dataset\rawData\cover\cover_0184.avi,50,25,2.0,1280,720,True
cover_0185.avi,cover,Dataset\rawData\cover\cover_0185.avi,50,25,2.0,1280,720,True
cover_0186.avi,cover,Dataset\rawData\cover\cover_0186.avi,50,25,2.0,1280,720,True
cover_0187.avi,cover,Dataset\rawData\cover\cover_0187.avi,48,25,1.92,1280,720,True
cover_0188.avi,cover,Dataset\rawData\cover\cover_0188.avi,68,25,2.72,1280,720,True
defense_0001.avi,defense,Dataset\rawData\defense\defense_0001.avi,85,25,3.4,1280,720,True
defense_0002.avi,defense,Dataset\rawData\defense\defense_0002.avi,72,25,2.88,1280,720,True
defense_0003.avi,defense,Dataset\rawData\defense\defense_0003.avi,47,25,1.88,1280,720,True
defense_0004.avi,defense,Dataset\rawData\defense\defense_0004.avi,52,25,2.08,1280,720,True
defense_0005.avi,defense,Dataset\rawData\defense\defense_0005.avi,55,25,2.2,1280,720,True
defense_0006.avi,defense,Dataset\rawData\defense\defense_0006.avi,95,25,3.8,1280,720,True
defense_0007.avi,defense,Dataset\rawData\defense\defense_0007.avi,75,25,3.0,1280,720,True
defense_0008.avi,defense,Dataset\rawData\defense\defense_0008.avi,96,25,3.84,1280,720,True
defense_0009.avi,defense,Dataset\rawData\defense\defense_0009.avi,99,25,3.96,1280,720,True
defense_0010.avi,defense,Dataset\rawData\defense\defense_0010.avi,81,25,3.24,1280,720,True
defense_0011.avi,defense,Dataset\rawData\defense\defense_0011.avi,77,25,3.08,1280,720,True
defense_0012.avi,defense,Dataset\rawData\defense\defense_0012.avi,84,25,3.36,1280,720,True
defense_0013.avi,defense,Dataset\rawData\defense\defense_0013.avi,80,25,3.2,1280,720,True
defense_0014.avi,defense,Dataset\rawData\defense\defense_0014.avi,75,25,3.0,1280,720,True
defense_0015.avi,defense,Dataset\rawData\defense\defense_0015.avi,70,25,2.8,1280,720,True
defense_0016.avi,defense,Dataset\rawData\defense\defense_0016.avi,88,25,3.52,1280,720,True
defense_0017.avi,defense,Dataset\rawData\defense\defense_0017.avi,85,25,3.4,1280,720,True
defense_0018.avi,defense,Dataset\rawData\defense\defense_0018.avi,70,25,2.8,1280,720,True
defense_0019.avi,defense,Dataset\rawData\defense\defense_0019.avi,80,25,3.2,1280,720,True
defense_0020.avi,defense,Dataset\rawData\defense\defense_0020.avi,75,25,3.0,1280,720,True
defense_0021.avi,defense,Dataset\rawData\defense\defense_0021.avi,80,25,3.2,1280,720,True
defense_0022.avi,defense,Dataset\rawData\defense\defense_0022.avi,95,25,3.8,1280,720,True
defense_0023.avi,defense,Dataset\rawData\defense\defense_0023.avi,70,25,2.8,1280,720,True
defense_0024.avi,defense,Dataset\rawData\defense\defense_0024.avi,90,25,3.6,1280,720,True
defense_0025.avi,defense,Dataset\rawData\defense\defense_0025.avi,93,25,3.72,1280,720,True
defense_0026.avi,defense,Dataset\rawData\defense\defense_0026.avi,82,25,3.28,1280,720,True
defense_0027.avi,defense,Dataset\rawData\defense\defense_0027.avi,77,25,3.08,1280,720,True
defense_0028.avi,defense,Dataset\rawData\defense\defense_0028.avi,76,25,3.04,1280,720,True
defense_0029.avi,defense,Dataset\rawData\defense\defense_0029.avi,92,25,3.68,1280,720,True
defense_0030.avi,defense,Dataset\rawData\defense\defense_0030.avi,72,25,2.88,1280,720,True
defense_0031.avi,defense,Dataset\rawData\defense\defense_0031.avi,96,25,3.84,1280,720,True
defense_0032.avi,defense,Dataset\rawData\defense\defense_0032.avi,85,25,3.4,1280,720,True
defense_0033.avi,defense,Dataset\rawData\defense\defense_0033.avi,96,25,3.84,1280,720,True
defense_0034.avi,defense,Dataset\rawData\defense\defense_0034.avi,75,25,3.0,1280,720,True
defense_0035.avi,defense,Dataset\rawData\defense\defense_0035.avi,83,25,3.32,1280,720,True
defense_0036.avi,defense,Dataset\rawData\defense\defense_0036.avi,85,25,3.4,1280,720,True
defense_0037.avi,defense,Dataset\rawData\defense\defense_0037.avi,96,25,3.84,1280,720,True
defense_0038.avi,defense,Dataset\rawData\defense\defense_0038.avi,68,25,2.72,1280,720,True
defense_0039.avi,defense,Dataset\rawData\defense\defense_0039.avi,108,25,4.32,1280,720,True
defense_0040.avi,defense,Dataset\rawData\defense\defense_0040.avi,127,25,5.08,1280,720,True
defense_0041.avi,defense,Dataset\rawData\defense\defense_0041.avi,98,25,3.92,1280,720,True
defense_0042.avi,defense,Dataset\rawData\defense\defense_0042.avi,80,25,3.2,1280,720,True
defense_0043.avi,defense,Dataset\rawData\defense\defense_0043.avi,85,25,3.4,1280,720,True
defense_0044.avi,defense,Dataset\rawData\defense\defense_0044.avi,90,25,3.6,1280,720,True
defense_0045.avi,defense,Dataset\rawData\defense\defense_0045.avi,98,25,3.92,1280,720,True
defense_0046.avi,defense,Dataset\rawData\defense\defense_0046.avi,78,25,3.12,1280,720,True
defense_0047.avi,defense,Dataset\rawData\defense\defense_0047.avi,51,25,2.04,1280,720,True
defense_0048.avi,defense,Dataset\rawData\defense\defense_0048.avi,74,25,2.96,1280,720,True
defense_0049.avi,defense,Dataset\rawData\defense\defense_0049.avi,68,25,2.72,1280,720,True
defense_0050.avi,defense,Dataset\rawData\defense\defense_0050.avi,72,25,2.88,1280,720,True
defense_0051.avi,defense,Dataset\rawData\defense\defense_0051.avi,73,25,2.92,1280,720,True
defense_0052.avi,defense,Dataset\rawData\defense\defense_0052.avi,90,25,3.6,1280,720,True
defense_0053.avi,defense,Dataset\rawData\defense\defense_0053.avi,94,25,3.76,1280,720,True
defense_0054.avi,defense,Dataset\rawData\defense\defense_0054.avi,83,25,3.32,1280,720,True
defense_0055.avi,defense,Dataset\rawData\defense\defense_0055.avi,83,25,3.32,1280,720,True
defense_0056.avi,defense,Dataset\rawData\defense\defense_0056.avi,90,25,3.6,1280,720,True
defense_0057.avi,defense,Dataset\rawData\defense\defense_0057.avi,82,25,3.28,1280,720,True
defense_0058.avi,defense,Dataset\rawData\defense\defense_0058.avi,68,25,2.72,1280,720,True
defense_0059.avi,defense,Dataset\rawData\defense\defense_0059.avi,47,25,1.88,1280,720,True
defense_0060.avi,defense,Dataset\rawData\defense\defense_0060.avi,75,25,3.0,1280,720,True
defense_0061.avi,defense,Dataset\rawData\defense\defense_0061.avi,94,25,3.76,1280,720,True
defense_0062.avi,defense,Dataset\rawData\defense\defense_0062.avi,86,25,3.44,1280,720,True
defense_0063.avi,defense,Dataset\rawData\defense\defense_0063.avi,73,25,2.92,1280,720,True
defense_0064.avi,defense,Dataset\rawData\defense\defense_0064.avi,91,25,3.64,1280,720,True
defense_0065.avi,defense,Dataset\rawData\defense\defense_0065.avi,90,25,3.6,1280,720,True
defense_0066.avi,defense,Dataset\rawData\defense\defense_0066.avi,67,25,2.68,1280,720,True
defense_0067.avi,defense,Dataset\rawData\defense\defense_0067.avi,80,25,3.2,1280,720,True
defense_0068.avi,defense,Dataset\rawData\defense\defense_0068.avi,80,25,3.2,1280,720,True
defense_0069.avi,defense,Dataset\rawData\defense\defense_0069.avi,75,25,3.0,1280,720,True
defense_0070.avi,defense,Dataset\rawData\defense\defense_0070.avi,88,25,3.52,1280,720,True
defense_0071.avi,defense,Dataset\rawData\defense\defense_0071.avi,75,25,3.0,1280,720,True
defense_0072.avi,defense,Dataset\rawData\defense\defense_0072.avi,90,25,3.6,1280,720,True
defense_0073.avi,defense,Dataset\rawData\defense\defense_0073.avi,50,25,2.0,1280,720,True
defense_0074.avi,defense,Dataset\rawData\defense\defense_0074.avi,46,25,1.84,1280,720,True
defense_0075.avi,defense,Dataset\rawData\defense\defense_0075.avi,79,25,3.16,1280,720,True
defense_0076.avi,defense,Dataset\rawData\defense\defense_0076.avi,71,25,2.84,1280,720,True
defense_0077.avi,defense,Dataset\rawData\defense\defense_0077.avi,86,25,3.44,1280,720,True
defense_0078.avi,defense,Dataset\rawData\defense\defense_0078.avi,81,25,3.24,1280,720,True
defense_0079.avi,defense,Dataset\rawData\defense\defense_0079.avi,85,25,3.4,1280,720,True
defense_0080.avi,defense,Dataset\rawData\defense\defense_0080.avi,73,25,2.92,1280,720,True
defense_0081.avi,defense,Dataset\rawData\defense\defense_0081.avi,84,25,3.36,1280,720,True
defense_0082.avi,defense,Dataset\rawData\defense\defense_0082.avi,85,25,3.4,1280,720,True
defense_0083.avi,defense,Dataset\rawData\defense\defense_0083.avi,79,25,3.16,1280,720,True
defense_0084.avi,defense,Dataset\rawData\defense\defense_0084.avi,97,25,3.88,1280,720,True
defense_0085.avi,defense,Dataset\rawData\defense\defense_0085.avi,45,25,1.8,1280,720,True
defense_0086.avi,defense,Dataset\rawData\defense\defense_0086.avi,38,25,1.52,1280,720,True
defense_0087.avi,defense,Dataset\rawData\defense\defense_0087.avi,35,25,1.4,1280,720,True
defense_0088.avi,defense,Dataset\rawData\defense\defense_0088.avi,43,25,1.72,1280,720,True
defense_0089.avi,defense,Dataset\rawData\defense\defense_0089.avi,41,25,1.64,1280,720,True
defense_0090.avi,defense,Dataset\rawData\defense\defense_0090.avi,40,25,1.6,1280,720,True
defense_0091.avi,defense,Dataset\rawData\defense\defense_0091.avi,50,25,2.0,1280,720,True
defense_0092.avi,defense,Dataset\rawData\defense\defense_0092.avi,94,25,3.76,1280,720,True
defense_0093.avi,defense,Dataset\rawData\defense\defense_0093.avi,36,25,1.44,1280,720,True
defense_0094.avi,defense,Dataset\rawData\defense\defense_0094.avi,56,25,2.24,1280,720,True
defense_0095.avi,defense,Dataset\rawData\defense\defense_0095.avi,50,25,2.0,1280,720,True
defense_0096.avi,defense,Dataset\rawData\defense\defense_0096.avi,51,25,2.04,1280,720,True
defense_0097.avi,defense,Dataset\rawData\defense\defense_0097.avi,51,25,2.04,1280,720,True
defense_0098.avi,defense,Dataset\rawData\defense\defense_0098.avi,95,25,3.8,1280,720,True
defense_0099.avi,defense,Dataset\rawData\defense\defense_0099.avi,71,25,2.84,1280,720,True
defense_0100.avi,defense,Dataset\rawData\defense\defense_0100.avi,53,25,2.12,1280,720,True
defense_0101.avi,defense,Dataset\rawData\defense\defense_0101.avi,72,25,2.88,1280,720,True
defense_0102.avi,defense,Dataset\rawData\defense\defense_0102.avi,52,25,2.08,1280,720,True
defense_0103.avi,defense,Dataset\rawData\defense\defense_0103.avi,81,25,3.24,1280,720,True
defense_0104.avi,defense,Dataset\rawData\defense\defense_0104.avi,76,25,3.04,1280,720,True
defense_0105.avi,defense,Dataset\rawData\defense\defense_0105.avi,90,25,3.6,1280,720,True
defense_0106.avi,defense,Dataset\rawData\defense\defense_0106.avi,84,25,3.36,1280,720,True
defense_0107.avi,defense,Dataset\rawData\defense\defense_0107.avi,89,25,3.56,1280,720,True
defense_0108.avi,defense,Dataset\rawData\defense\defense_0108.avi,96,25,3.84,1280,720,True
defense_0109.avi,defense,Dataset\rawData\defense\defense_0109.avi,80,25,3.2,1280,720,True
defense_0110.avi,defense,Dataset\rawData\defense\defense_0110.avi,70,25,2.8,1280,720,True
defense_0111.avi,defense,Dataset\rawData\defense\defense_0111.avi,73,25,2.92,1280,720,True
defense_0112.avi,defense,Dataset\rawData\defense\defense_0112.avi,78,25,3.12,1280,720,True
defense_0113.avi,defense,Dataset\rawData\defense\defense_0113.avi,71,25,2.84,1280,720,True
defense_0114.avi,defense,Dataset\rawData\defense\defense_0114.avi,81,25,3.24,1280,720,True
defense_0115.avi,defense,Dataset\rawData\defense\defense_0115.avi,91,25,3.64,1280,720,True
defense_0116.avi,defense,Dataset\rawData\defense\defense_0116.avi,81,25,3.24,1280,720,True
defense_0117.avi,defense,Dataset\rawData\defense\defense_0117.avi,90,25,3.6,1280,720,True
defense_0118.avi,defense,Dataset\rawData\defense\defense_0118.avi,75,25,3.0,1280,720,True
defense_0119.avi,defense,Dataset\rawData\defense\defense_0119.avi,74,25,2.96,1280,720,True
defense_0120.avi,defense,Dataset\rawData\defense\defense_0120.avi,86,25,3.44,1280,720,True
defense_0121.avi,defense,Dataset\rawData\defense\defense_0121.avi,75,25,3.0,1280,720,True
defense_0122.avi,defense,Dataset\rawData\defense\defense_0122.avi,83,25,3.32,1280,720,True
defense_0123.avi,defense,Dataset\rawData\defense\defense_0123.avi,80,25,3.2,1280,720,True
defense_0124.avi,defense,Dataset\rawData\defense\defense_0124.avi,76,25,3.04,1280,720,True
defense_0125.avi,defense,Dataset\rawData\defense\defense_0125.avi,94,25,3.76,1280,720,True
defense_0126.avi,defense,Dataset\rawData\defense\defense_0126.avi,81,25,3.24,1280,720,True
defense_0127.avi,defense,Dataset\rawData\defense\defense_0127.avi,90,25,3.6,1280,720,True
defense_0128.avi,defense,Dataset\rawData\defense\defense_0128.avi,87,25,3.48,1280,720,True
defense_0129.avi,defense,Dataset\rawData\defense\defense_0129.avi,95,25,3.8,1280,720,True
defense_0130.avi,defense,Dataset\rawData\defense\defense_0130.avi,92,25,3.68,1280,720,True
defense_0131.avi,defense,Dataset\rawData\defense\defense_0131.avi,70,25,2.8,1280,720,True
defense_0132.avi,defense,Dataset\rawData\defense\defense_0132.avi,67,25,2.68,1280,720,True
defense_0133.avi,defense,Dataset\rawData\defense\defense_0133.avi,61,25,2.44,1280,720,True
defense_0134.avi,defense,Dataset\rawData\defense\defense_0134.avi,60,25,2.4,1280,720,True
defense_0135.avi,defense,Dataset\rawData\defense\defense_0135.avi,66,25,2.64,1280,720,True
defense_0136.avi,defense,Dataset\rawData\defense\defense_0136.avi,92,25,3.68,1280,720,True
defense_0137.avi,defense,Dataset\rawData\defense\defense_0137.avi,66,25,2.64,1280,720,True
defense_0138.avi,defense,Dataset\rawData\defense\defense_0138.avi,65,25,2.6,1280,720,True
defense_0139.avi,defense,Dataset\rawData\defense\defense_0139.avi,68,25,2.72,1280,720,True
defense_0140.avi,defense,Dataset\rawData\defense\defense_0140.avi,65,25,2.6,1280,720,True
defense_0141.avi,defense,Dataset\rawData\defense\defense_0141.avi,87,25,3.48,1280,720,True
defense_0142.avi,defense,Dataset\rawData\defense\defense_0142.avi,85,25,3.4,1280,720,True
defense_0143.avi,defense,Dataset\rawData\defense\defense_0143.avi,68,25,2.72,1280,720,True
defense_0144.avi,defense,Dataset\rawData\defense\defense_0144.avi,70,25,2.8,1280,720,True
defense_0145.avi,defense,Dataset\rawData\defense\defense_0145.avi,70,25,2.8,1280,720,True
defense_0146.avi,defense,Dataset\rawData\defense\defense_0146.avi,83,25,3.32,1280,720,True
defense_0147.avi,defense,Dataset\rawData\defense\defense_0147.avi,48,25,1.92,1280,720,True
defense_0148.avi,defense,Dataset\rawData\defense\defense_0148.avi,40,25,1.6,1280,720,True
defense_0149.avi,defense,Dataset\rawData\defense\defense_0149.avi,47,25,1.88,1280,720,True
defense_0150.avi,defense,Dataset\rawData\defense\defense_0150.avi,50,25,2.0,1280,720,True
defense_0151.avi,defense,Dataset\rawData\defense\defense_0151.avi,56,25,2.24,1280,720,True
defense_0152.avi,defense,Dataset\rawData\defense\defense_0152.avi,82,25,3.28,1280,720,True
defense_0153.avi,defense,Dataset\rawData\defense\defense_0153.avi,57,25,2.28,1280,720,True
defense_0154.avi,defense,Dataset\rawData\defense\defense_0154.avi,67,25,2.68,1280,720,True
defense_0155.avi,defense,Dataset\rawData\defense\defense_0155.avi,51,25,2.04,1280,720,True
defense_0156.avi,defense,Dataset\rawData\defense\defense_0156.avi,50,25,2.0,1280,720,True
defense_0157.avi,defense,Dataset\rawData\defense\defense_0157.avi,76,25,3.04,1280,720,True
defense_0158.avi,defense,Dataset\rawData\defense\defense_0158.avi,88,25,3.52,1280,720,True
defense_0159.avi,defense,Dataset\rawData\defense\defense_0159.avi,98,25,3.92,1280,720,True
defense_0160.avi,defense,Dataset\rawData\defense\defense_0160.avi,67,25,2.68,1280,720,True
defense_0161.avi,defense,Dataset\rawData\defense\defense_0161.avi,53,25,2.12,1280,720,True
defense_0162.avi,defense,Dataset\rawData\defense\defense_0162.avi,54,25,2.16,1280,720,True
defense_0163.avi,defense,Dataset\rawData\defense\defense_0163.avi,50,25,2.0,1280,720,True
defense_0164.avi,defense,Dataset\rawData\defense\defense_0164.avi,67,25,2.68,1280,720,True
defense_0165.avi,defense,Dataset\rawData\defense\defense_0165.avi,79,25,3.16,1280,720,True
defense_0166.avi,defense,Dataset\rawData\defense\defense_0166.avi,85,25,3.4,1280,720,True
defense_0167.avi,defense,Dataset\rawData\defense\defense_0167.avi,95,25,3.8,1280,720,True
defense_0168.avi,defense,Dataset\rawData\defense\defense_0168.avi,66,25,2.64,1280,720,True
defense_0169.avi,defense,Dataset\rawData\defense\defense_0169.avi,62,25,2.48,1280,720,True
defense_0170.avi,defense,Dataset\rawData\defense\defense_0170.avi,89,25,3.56,1280,720,True
defense_0171.avi,defense,Dataset\rawData\defense\defense_0171.avi,80,25,3.2,1280,720,True
defense_0172.avi,defense,Dataset\rawData\defense\defense_0172.avi,55,25,2.2,1280,720,True
defense_0173.avi,defense,Dataset\rawData\defense\defense_0173.avi,75,25,3.0,1280,720,True
defense_0174.avi,defense,Dataset\rawData\defense\defense_0174.avi,55,25,2.2,1280,720,True
defense_0175.avi,defense,Dataset\rawData\defense\defense_0175.avi,72,25,2.88,1280,720,True
defense_0176.avi,defense,Dataset\rawData\defense\defense_0176.avi,56,25,2.24,1280,720,True
defense_0177.avi,defense,Dataset\rawData\defense\defense_0177.avi,34,25,1.36,1280,720,True
defense_0178.avi,defense,Dataset\rawData\defense\defense_0178.avi,36,25,1.44,1280,720,True
defense_0179.avi,defense,Dataset\rawData\defense\defense_0179.avi,33,25,1.32,1280,720,True
defense_0180.avi,defense,Dataset\rawData\defense\defense_0180.avi,32,25,1.28,1280,720,True
defense_0181.avi,defense,Dataset\rawData\defense\defense_0181.avi,33,25,1.32,1280,720,True
defense_0182.avi,defense,Dataset\rawData\defense\defense_0182.avi,93,25,3.72,1280,720,True
defense_0183.avi,defense,Dataset\rawData\defense\defense_0183.avi,78,25,3.12,1280,720,True
defense_0184.avi,defense,Dataset\rawData\defense\defense_0184.avi,55,25,2.2,1280,720,True
defense_0185.avi,defense,Dataset\rawData\defense\defense_0185.avi,44,25,1.76,1280,720,True
defense_0186.avi,defense,Dataset\rawData\defense\defense_0186.avi,50,25,2.0,1280,720,True
defense_0187.avi,defense,Dataset\rawData\defense\defense_0187.avi,80,25,3.2,1280,720,True
defense_0188.avi,defense,Dataset\rawData\defense\defense_0188.avi,38,25,1.52,1280,720,True
defense_0189.avi,defense,Dataset\rawData\defense\defense_0189.avi,42,25,1.68,1280,720,True
defense_0190.avi,defense,Dataset\rawData\defense\defense_0190.avi,100,25,4.0,1280,720,True
defense_0191.avi,defense,Dataset\rawData\defense\defense_0191.avi,95,25,3.8,1280,720,True
defense_0192.avi,defense,Dataset\rawData\defense\defense_0192.avi,51,25,2.04,1280,720,True
flick_0001.avi,flick,Dataset\rawData\flick\flick_0001.avi,50,25,2.0,1280,720,True
flick_0002.avi,flick,Dataset\rawData\flick\flick_0002.avi,51,25,2.04,1280,720,True
flick_0003.avi,flick,Dataset\rawData\flick\flick_0003.avi,50,25,2.0,1280,720,True
flick_0004.avi,flick,Dataset\rawData\flick\flick_0004.avi,50,25,2.0,1280,720,True
flick_0005.avi,flick,Dataset\rawData\flick\flick_0005.avi,50,25,2.0,1280,720,True
flick_0006.avi,flick,Dataset\rawData\flick\flick_0006.avi,40,25,1.6,1280,720,True
flick_0007.avi,flick,Dataset\rawData\flick\flick_0007.avi,61,25,2.44,1280,720,True
flick_0008.avi,flick,Dataset\rawData\flick\flick_0008.avi,57,25,2.28,1280,720,True
flick_0009.avi,flick,Dataset\rawData\flick\flick_0009.avi,51,25,2.04,1280,720,True
flick_0010.avi,flick,Dataset\rawData\flick\flick_0010.avi,50,25,2.0,1280,720,True
flick_0011.avi,flick,Dataset\rawData\flick\flick_0011.avi,47,25,1.88,1280,720,True
flick_0012.avi,flick,Dataset\rawData\flick\flick_0012.avi,58,25,2.32,1280,720,True
flick_0013.avi,flick,Dataset\rawData\flick\flick_0013.avi,71,25,2.84,1280,720,True
flick_0014.avi,flick,Dataset\rawData\flick\flick_0014.avi,48,25,1.92,1280,720,True
flick_0015.avi,flick,Dataset\rawData\flick\flick_0015.avi,48,25,1.92,1280,720,True
flick_0016.avi,flick,Dataset\rawData\flick\flick_0016.avi,56,25,2.24,1280,720,True
flick_0017.avi,flick,Dataset\rawData\flick\flick_0017.avi,49,25,1.96,1280,720,True
flick_0018.avi,flick,Dataset\rawData\flick\flick_0018.avi,56,25,2.24,1280,720,True
flick_0019.avi,flick,Dataset\rawData\flick\flick_0019.avi,46,25,1.84,1280,720,True
flick_0020.avi,flick,Dataset\rawData\flick\flick_0020.avi,48,25,1.92,1280,720,True
flick_0021.avi,flick,Dataset\rawData\flick\flick_0021.avi,60,25,2.4,1280,720,True
flick_0022.avi,flick,Dataset\rawData\flick\flick_0022.avi,49,25,1.96,1280,720,True
flick_0023.avi,flick,Dataset\rawData\flick\flick_0023.avi,70,25,2.8,1280,720,True
flick_0024.avi,flick,Dataset\rawData\flick\flick_0024.avi,55,25,2.2,1280,720,True
flick_0025.avi,flick,Dataset\rawData\flick\flick_0025.avi,40,25,1.6,1280,720,True
flick_0026.avi,flick,Dataset\rawData\flick\flick_0026.avi,75,25,3.0,1280,720,True
flick_0027.avi,flick,Dataset\rawData\flick\flick_0027.avi,46,25,1.84,1280,720,True
flick_0028.avi,flick,Dataset\rawData\flick\flick_0028.avi,73,25,2.92,1280,720,True
flick_0029.avi,flick,Dataset\rawData\flick\flick_0029.avi,50,25,2.0,1280,720,True
flick_0030.avi,flick,Dataset\rawData\flick\flick_0030.avi,50,25,2.0,1280,720,True
flick_0031.avi,flick,Dataset\rawData\flick\flick_0031.avi,56,25,2.24,1280,720,True
flick_0032.avi,flick,Dataset\rawData\flick\flick_0032.avi,51,25,2.04,1280,720,True
flick_0033.avi,flick,Dataset\rawData\flick\flick_0033.avi,51,25,2.04,1280,720,True
flick_0034.avi,flick,Dataset\rawData\flick\flick_0034.avi,56,25,2.24,1280,720,True
flick_0035.avi,flick,Dataset\rawData\flick\flick_0035.avi,55,25,2.2,1280,720,True
flick_0036.avi,flick,Dataset\rawData\flick\flick_0036.avi,46,25,1.84,1280,720,True
flick_0037.avi,flick,Dataset\rawData\flick\flick_0037.avi,44,25,1.76,1280,720,True
flick_0038.avi,flick,Dataset\rawData\flick\flick_0038.avi,42,25,1.68,1280,720,True
flick_0039.avi,flick,Dataset\rawData\flick\flick_0039.avi,53,25,2.12,1280,720,True
flick_0040.avi,flick,Dataset\rawData\flick\flick_0040.avi,49,25,1.96,1280,720,True
flick_0041.avi,flick,Dataset\rawData\flick\flick_0041.avi,54,25,2.16,1280,720,True
flick_0042.avi,flick,Dataset\rawData\flick\flick_0042.avi,59,25,2.36,1280,720,True
flick_0043.avi,flick,Dataset\rawData\flick\flick_0043.avi,49,25,1.96,1280,720,True
flick_0044.avi,flick,Dataset\rawData\flick\flick_0044.avi,52,25,2.08,1280,720,True
flick_0045.avi,flick,Dataset\rawData\flick\flick_0045.avi,52,25,2.08,1280,720,True
flick_0046.avi,flick,Dataset\rawData\flick\flick_0046.avi,41,25,1.64,1280,720,True
flick_0047.avi,flick,Dataset\rawData\flick\flick_0047.avi,48,25,1.92,1280,720,True
flick_0048.avi,flick,Dataset\rawData\flick\flick_0048.avi,50,25,2.0,1280,720,True
flick_0049.avi,flick,Dataset\rawData\flick\flick_0049.avi,47,25,1.88,1280,720,True
flick_0050.avi,flick,Dataset\rawData\flick\flick_0050.avi,49,25,1.96,1280,720,True
flick_0051.avi,flick,Dataset\rawData\flick\flick_0051.avi,39,25,1.56,1280,720,True
flick_0052.avi,flick,Dataset\rawData\flick\flick_0052.avi,50,25,2.0,1280,720,True
flick_0053.avi,flick,Dataset\rawData\flick\flick_0053.avi,45,25,1.8,1280,720,True
flick_0054.avi,flick,Dataset\rawData\flick\flick_0054.avi,54,25,2.16,1280,720,True
flick_0055.avi,flick,Dataset\rawData\flick\flick_0055.avi,41,25,1.64,1280,720,True
flick_0056.avi,flick,Dataset\rawData\flick\flick_0056.avi,53,25,2.12,1280,720,True
flick_0057.avi,flick,Dataset\rawData\flick\flick_0057.avi,48,25,1.92,1280,720,True
flick_0058.avi,flick,Dataset\rawData\flick\flick_0058.avi,55,25,2.2,1280,720,True
flick_0059.avi,flick,Dataset\rawData\flick\flick_0059.avi,47,25,1.88,1280,720,True
flick_0060.avi,flick,Dataset\rawData\flick\flick_0060.avi,45,25,1.8,1280,720,True
flick_0061.avi,flick,Dataset\rawData\flick\flick_0061.avi,44,25,1.76,1280,720,True
flick_0062.avi,flick,Dataset\rawData\flick\flick_0062.avi,51,25,2.04,1280,720,True
flick_0063.avi,flick,Dataset\rawData\flick\flick_0063.avi,59,25,2.36,1280,720,True
flick_0064.avi,flick,Dataset\rawData\flick\flick_0064.avi,50,25,2.0,1280,720,True
flick_0065.avi,flick,Dataset\rawData\flick\flick_0065.avi,53,25,2.12,1280,720,True
flick_0066.avi,flick,Dataset\rawData\flick\flick_0066.avi,51,25,2.04,1280,720,True
flick_0067.avi,flick,Dataset\rawData\flick\flick_0067.avi,67,25,2.68,1280,720,True
flick_0068.avi,flick,Dataset\rawData\flick\flick_0068.avi,58,25,2.32,1280,720,True
flick_0069.avi,flick,Dataset\rawData\flick\flick_0069.avi,64,25,2.56,1280,720,True
flick_0070.avi,flick,Dataset\rawData\flick\flick_0070.avi,55,25,2.2,1280,720,True
flick_0071.avi,flick,Dataset\rawData\flick\flick_0071.avi,48,25,1.92,1280,720,True
flick_0072.avi,flick,Dataset\rawData\flick\flick_0072.avi,64,25,2.56,1280,720,True
flick_0073.avi,flick,Dataset\rawData\flick\flick_0073.avi,44,25,1.76,1280,720,True
flick_0074.avi,flick,Dataset\rawData\flick\flick_0074.avi,41,25,1.64,1280,720,True
flick_0075.avi,flick,Dataset\rawData\flick\flick_0075.avi,49,25,1.96,1280,720,True
flick_0076.avi,flick,Dataset\rawData\flick\flick_0076.avi,49,25,1.96,1280,720,True
flick_0077.avi,flick,Dataset\rawData\flick\flick_0077.avi,54,25,2.16,1280,720,True
flick_0078.avi,flick,Dataset\rawData\flick\flick_0078.avi,44,25,1.76,1280,720,True
flick_0079.avi,flick,Dataset\rawData\flick\flick_0079.avi,54,25,2.16,1280,720,True
flick_0080.avi,flick,Dataset\rawData\flick\flick_0080.avi,55,25,2.2,1280,720,True
flick_0081.avi,flick,Dataset\rawData\flick\flick_0081.avi,52,25,2.08,1280,720,True
flick_0082.avi,flick,Dataset\rawData\flick\flick_0082.avi,51,25,2.04,1280,720,True
flick_0083.avi,flick,Dataset\rawData\flick\flick_0083.avi,50,25,2.0,1280,720,True
flick_0084.avi,flick,Dataset\rawData\flick\flick_0084.avi,50,25,2.0,1280,720,True
flick_0085.avi,flick,Dataset\rawData\flick\flick_0085.avi,57,25,2.28,1280,720,True
flick_0086.avi,flick,Dataset\rawData\flick\flick_0086.avi,47,25,1.88,1280,720,True
flick_0087.avi,flick,Dataset\rawData\flick\flick_0087.avi,51,25,2.04,1280,720,True
flick_0088.avi,flick,Dataset\rawData\flick\flick_0088.avi,177,25,7.08,1280,720,True
flick_0089.avi,flick,Dataset\rawData\flick\flick_0089.avi,60,25,2.4,1280,720,True
flick_0090.avi,flick,Dataset\rawData\flick\flick_0090.avi,47,25,1.88,1280,720,True
flick_0091.avi,flick,Dataset\rawData\flick\flick_0091.avi,56,25,2.24,1280,720,True
flick_0092.avi,flick,Dataset\rawData\flick\flick_0092.avi,43,25,1.72,1280,720,True
flick_0093.avi,flick,Dataset\rawData\flick\flick_0093.avi,51,25,2.04,1280,720,True
flick_0094.avi,flick,Dataset\rawData\flick\flick_0094.avi,42,25,1.68,1280,720,True
flick_0095.avi,flick,Dataset\rawData\flick\flick_0095.avi,59,25,2.36,1280,720,True
flick_0096.avi,flick,Dataset\rawData\flick\flick_0096.avi,50,25,2.0,1280,720,True
flick_0097.avi,flick,Dataset\rawData\flick\flick_0097.avi,51,25,2.04,1280,720,True
flick_0098.avi,flick,Dataset\rawData\flick\flick_0098.avi,40,25,1.6,1280,720,True
flick_0099.avi,flick,Dataset\rawData\flick\flick_0099.avi,62,25,2.48,1280,720,True
flick_0100.avi,flick,Dataset\rawData\flick\flick_0100.avi,48,25,1.92,1280,720,True
flick_0101.avi,flick,Dataset\rawData\flick\flick_0101.avi,55,25,2.2,1280,720,True
flick_0102.avi,flick,Dataset\rawData\flick\flick_0102.avi,53,25,2.12,1280,720,True
flick_0103.avi,flick,Dataset\rawData\flick\flick_0103.avi,51,25,2.04,1280,720,True
flick_0104.avi,flick,Dataset\rawData\flick\flick_0104.avi,52,25,2.08,1280,720,True
flick_0105.avi,flick,Dataset\rawData\flick\flick_0105.avi,60,25,2.4,1280,720,True
flick_0106.avi,flick,Dataset\rawData\flick\flick_0106.avi,54,25,2.16,1280,720,True
flick_0107.avi,flick,Dataset\rawData\flick\flick_0107.avi,59,25,2.36,1280,720,True
flick_0108.avi,flick,Dataset\rawData\flick\flick_0108.avi,62,25,2.48,1280,720,True
flick_0109.avi,flick,Dataset\rawData\flick\flick_0109.avi,50,25,2.0,1280,720,True
flick_0110.avi,flick,Dataset\rawData\flick\flick_0110.avi,55,25,2.2,1280,720,True
flick_0111.avi,flick,Dataset\rawData\flick\flick_0111.avi,45,25,1.8,1280,720,True
flick_0112.avi,flick,Dataset\rawData\flick\flick_0112.avi,49,25,1.96,1280,720,True
flick_0113.avi,flick,Dataset\rawData\flick\flick_0113.avi,55,25,2.2,1280,720,True
flick_0114.avi,flick,Dataset\rawData\flick\flick_0114.avi,50,25,2.0,1280,720,True
flick_0115.avi,flick,Dataset\rawData\flick\flick_0115.avi,50,25,2.0,1280,720,True
flick_0116.avi,flick,Dataset\rawData\flick\flick_0116.avi,56,25,2.24,1280,720,True
flick_0117.avi,flick,Dataset\rawData\flick\flick_0117.avi,50,25,2.0,1280,720,True
flick_0118.avi,flick,Dataset\rawData\flick\flick_0118.avi,50,25,2.0,1280,720,True
flick_0119.avi,flick,Dataset\rawData\flick\flick_0119.avi,45,25,1.8,1280,720,True
flick_0120.avi,flick,Dataset\rawData\flick\flick_0120.avi,40,25,1.6,1280,720,True
flick_0121.avi,flick,Dataset\rawData\flick\flick_0121.avi,66,25,2.64,1280,720,True
flick_0122.avi,flick,Dataset\rawData\flick\flick_0122.avi,35,25,1.4,1280,720,True
flick_0123.avi,flick,Dataset\rawData\flick\flick_0123.avi,45,25,1.8,1280,720,True
flick_0124.avi,flick,Dataset\rawData\flick\flick_0124.avi,51,25,2.04,1280,720,True
flick_0125.avi,flick,Dataset\rawData\flick\flick_0125.avi,45,25,1.8,1280,720,True
flick_0126.avi,flick,Dataset\rawData\flick\flick_0126.avi,50,25,2.0,1280,720,True
flick_0127.avi,flick,Dataset\rawData\flick\flick_0127.avi,45,25,1.8,1280,720,True
flick_0128.avi,flick,Dataset\rawData\flick\flick_0128.avi,48,25,1.92,1280,720,True
flick_0129.avi,flick,Dataset\rawData\flick\flick_0129.avi,50,25,2.0,1280,720,True
flick_0130.avi,flick,Dataset\rawData\flick\flick_0130.avi,58,25,2.32,1280,720,True
flick_0131.avi,flick,Dataset\rawData\flick\flick_0131.avi,51,25,2.04,1280,720,True
flick_0132.avi,flick,Dataset\rawData\flick\flick_0132.avi,75,25,3.0,1280,720,True
flick_0133.avi,flick,Dataset\rawData\flick\flick_0133.avi,51,25,2.04,1280,720,True
flick_0134.avi,flick,Dataset\rawData\flick\flick_0134.avi,50,25,2.0,1280,720,True
flick_0135.avi,flick,Dataset\rawData\flick\flick_0135.avi,52,25,2.08,1280,720,True
flick_0136.avi,flick,Dataset\rawData\flick\flick_0136.avi,50,25,2.0,1280,720,True
flick_0137.avi,flick,Dataset\rawData\flick\flick_0137.avi,68,25,2.72,1280,720,True
flick_0138.avi,flick,Dataset\rawData\flick\flick_0138.avi,49,25,1.96,1280,720,True
flick_0139.avi,flick,Dataset\rawData\flick\flick_0139.avi,51,25,2.04,1280,720,True
flick_0140.avi,flick,Dataset\rawData\flick\flick_0140.avi,57,25,2.28,1280,720,True
flick_0141.avi,flick,Dataset\rawData\flick\flick_0141.avi,50,25,2.0,1280,720,True
flick_0142.avi,flick,Dataset\rawData\flick\flick_0142.avi,52,25,2.08,1280,720,True
flick_0143.avi,flick,Dataset\rawData\flick\flick_0143.avi,60,25,2.4,1280,720,True
flick_0144.avi,flick,Dataset\rawData\flick\flick_0144.avi,47,25,1.88,1280,720,True
flick_0145.avi,flick,Dataset\rawData\flick\flick_0145.avi,50,25,2.0,1280,720,True
flick_0146.avi,flick,Dataset\rawData\flick\flick_0146.avi,55,25,2.2,1280,720,True
flick_0147.avi,flick,Dataset\rawData\flick\flick_0147.avi,29,25,1.16,1280,720,True
flick_0148.avi,flick,Dataset\rawData\flick\flick_0148.avi,50,25,2.0,1280,720,True
flick_0149.avi,flick,Dataset\rawData\flick\flick_0149.avi,51,25,2.04,1280,720,True
flick_0150.avi,flick,Dataset\rawData\flick\flick_0150.avi,53,25,2.12,1280,720,True
flick_0151.avi,flick,Dataset\rawData\flick\flick_0151.avi,32,25,1.28,1280,720,True
flick_0152.avi,flick,Dataset\rawData\flick\flick_0152.avi,49,25,1.96,1280,720,True
flick_0153.avi,flick,Dataset\rawData\flick\flick_0153.avi,36,25,1.44,1280,720,True
flick_0154.avi,flick,Dataset\rawData\flick\flick_0154.avi,51,25,2.04,1280,720,True
flick_0155.avi,flick,Dataset\rawData\flick\flick_0155.avi,30,25,1.2,1280,720,True
flick_0156.avi,flick,Dataset\rawData\flick\flick_0156.avi,50,25,2.0,1280,720,True
flick_0157.avi,flick,Dataset\rawData\flick\flick_0157.avi,30,25,1.2,1280,720,True
flick_0158.avi,flick,Dataset\rawData\flick\flick_0158.avi,51,25,2.04,1280,720,True
flick_0159.avi,flick,Dataset\rawData\flick\flick_0159.avi,62,25,2.48,1280,720,True
flick_0160.avi,flick,Dataset\rawData\flick\flick_0160.avi,52,25,2.08,1280,720,True
flick_0161.avi,flick,Dataset\rawData\flick\flick_0161.avi,57,25,2.28,1280,720,True
flick_0162.avi,flick,Dataset\rawData\flick\flick_0162.avi,45,25,1.8,1280,720,True
flick_0163.avi,flick,Dataset\rawData\flick\flick_0163.avi,45,25,1.8,1280,720,True
flick_0164.avi,flick,Dataset\rawData\flick\flick_0164.avi,50,25,2.0,1280,720,True
flick_0165.avi,flick,Dataset\rawData\flick\flick_0165.avi,50,25,2.0,1280,720,True
flick_0166.avi,flick,Dataset\rawData\flick\flick_0166.avi,70,25,2.8,1280,720,True
flick_0167.avi,flick,Dataset\rawData\flick\flick_0167.avi,70,25,2.8,1280,720,True
flick_0168.avi,flick,Dataset\rawData\flick\flick_0168.avi,40,25,1.6,1280,720,True
flick_0169.avi,flick,Dataset\rawData\flick\flick_0169.avi,40,25,1.6,1280,720,True
flick_0170.avi,flick,Dataset\rawData\flick\flick_0170.avi,75,25,3.0,1280,720,True
flick_0171.avi,flick,Dataset\rawData\flick\flick_0171.avi,75,25,3.0,1280,720,True
flick_0172.avi,flick,Dataset\rawData\flick\flick_0172.avi,46,25,1.84,1280,720,True
flick_0173.avi,flick,Dataset\rawData\flick\flick_0173.avi,46,25,1.84,1280,720,True
flick_0174.avi,flick,Dataset\rawData\flick\flick_0174.avi,73,25,2.92,1280,720,True
flick_0175.avi,flick,Dataset\rawData\flick\flick_0175.avi,73,25,2.92,1280,720,True
flick_0176.avi,flick,Dataset\rawData\flick\flick_0176.avi,50,25,2.0,1280,720,True
flick_0177.avi,flick,Dataset\rawData\flick\flick_0177.avi,50,25,2.0,1280,720,True
flick_0178.avi,flick,Dataset\rawData\flick\flick_0178.avi,65,25,2.6,1280,720,True
flick_0179.avi,flick,Dataset\rawData\flick\flick_0179.avi,43,25,1.72,1280,720,True
flick_0180.avi,flick,Dataset\rawData\flick\flick_0180.avi,48,25,1.92,1280,720,True
flick_0181.avi,flick,Dataset\rawData\flick\flick_0181.avi,52,25,2.08,1280,720,True
hook_0001.avi,hook,Dataset\rawData\hook\hook_0001.avi,57,25,2.28,1280,720,True
hook_0002.avi,hook,Dataset\rawData\hook\hook_0002.avi,56,25,2.24,1280,720,True
hook_0003.avi,hook,Dataset\rawData\hook\hook_0003.avi,55,25,2.2,1280,720,True
hook_0004.avi,hook,Dataset\rawData\hook\hook_0004.avi,55,25,2.2,1280,720,True
hook_0005.avi,hook,Dataset\rawData\hook\hook_0005.avi,46,25,1.84,1280,720,True
hook_0006.avi,hook,Dataset\rawData\hook\hook_0006.avi,40,25,1.6,1280,720,True
hook_0007.avi,hook,Dataset\rawData\hook\hook_0007.avi,86,25,3.44,1280,720,True
hook_0008.avi,hook,Dataset\rawData\hook\hook_0008.avi,52,25,2.08,1280,720,True
hook_0009.avi,hook,Dataset\rawData\hook\hook_0009.avi,46,25,1.84,1280,720,True
hook_0010.avi,hook,Dataset\rawData\hook\hook_0010.avi,40,25,1.6,1280,720,True
hook_0011.avi,hook,Dataset\rawData\hook\hook_0011.avi,50,25,2.0,1280,720,True
hook_0012.avi,hook,Dataset\rawData\hook\hook_0012.avi,42,25,1.68,1280,720,True
hook_0013.avi,hook,Dataset\rawData\hook\hook_0013.avi,43,25,1.72,1280,720,True
hook_0014.avi,hook,Dataset\rawData\hook\hook_0014.avi,50,25,2.0,1280,720,True
hook_0015.avi,hook,Dataset\rawData\hook\hook_0015.avi,46,25,1.84,1280,720,True
hook_0016.avi,hook,Dataset\rawData\hook\hook_0016.avi,35,25,1.4,1280,720,True
hook_0017.avi,hook,Dataset\rawData\hook\hook_0017.avi,45,25,1.8,1280,720,True
hook_0018.avi,hook,Dataset\rawData\hook\hook_0018.avi,71,25,2.84,1280,720,True
hook_0019.avi,hook,Dataset\rawData\hook\hook_0019.avi,67,25,2.68,1280,720,True
hook_0020.avi,hook,Dataset\rawData\hook\hook_0020.avi,49,25,1.96,1280,720,True
hook_0021.avi,hook,Dataset\rawData\hook\hook_0021.avi,46,25,1.84,1280,720,True
hook_0022.avi,hook,Dataset\rawData\hook\hook_0022.avi,77,25,3.08,1280,720,True
hook_0023.avi,hook,Dataset\rawData\hook\hook_0023.avi,77,25,3.08,1280,720,True
hook_0024.avi,hook,Dataset\rawData\hook\hook_0024.avi,123,25,4.92,1280,720,True
hook_0025.avi,hook,Dataset\rawData\hook\hook_0025.avi,70,25,2.8,1280,720,True
hook_0026.avi,hook,Dataset\rawData\hook\hook_0026.avi,70,25,2.8,1280,720,True
hook_0027.avi,hook,Dataset\rawData\hook\hook_0027.avi,50,25,2.0,1280,720,True
hook_0028.avi,hook,Dataset\rawData\hook\hook_0028.avi,107,25,4.28,1280,720,True
hook_0029.avi,hook,Dataset\rawData\hook\hook_0029.avi,107,25,4.28,1280,720,True
hook_0030.avi,hook,Dataset\rawData\hook\hook_0030.avi,51,25,2.04,1280,720,True
hook_0031.avi,hook,Dataset\rawData\hook\hook_0031.avi,51,25,2.04,1280,720,True
hook_0032.avi,hook,Dataset\rawData\hook\hook_0032.avi,77,25,3.08,1280,720,True
hook_0033.avi,hook,Dataset\rawData\hook\hook_0033.avi,77,25,3.08,1280,720,True
hook_0034.avi,hook,Dataset\rawData\hook\hook_0034.avi,72,25,2.88,1280,720,True
hook_0035.avi,hook,Dataset\rawData\hook\hook_0035.avi,72,25,2.88,1280,720,True
hook_0036.avi,hook,Dataset\rawData\hook\hook_0036.avi,63,25,2.52,1280,720,True
hook_0037.avi,hook,Dataset\rawData\hook\hook_0037.avi,63,25,2.52,1280,720,True
hook_0038.avi,hook,Dataset\rawData\hook\hook_0038.avi,51,25,2.04,1280,720,True
hook_0039.avi,hook,Dataset\rawData\hook\hook_0039.avi,51,25,2.04,1280,720,True
hook_0040.avi,hook,Dataset\rawData\hook\hook_0040.avi,50,25,2.0,1280,720,True
hook_0041.avi,hook,Dataset\rawData\hook\hook_0041.avi,50,25,2.0,1280,720,True
hook_0042.avi,hook,Dataset\rawData\hook\hook_0042.avi,49,25,1.96,1280,720,True
hook_0043.avi,hook,Dataset\rawData\hook\hook_0043.avi,49,25,1.96,1280,720,True
hook_0044.avi,hook,Dataset\rawData\hook\hook_0044.avi,49,25,1.96,1280,720,True
hook_0045.avi,hook,Dataset\rawData\hook\hook_0045.avi,49,25,1.96,1280,720,True
hook_0046.avi,hook,Dataset\rawData\hook\hook_0046.avi,63,25,2.52,640,480,True
hook_0047.avi,hook,Dataset\rawData\hook\hook_0047.avi,63,25,2.52,720,480,True
hook_0048.avi,hook,Dataset\rawData\hook\hook_0048.avi,33,25,1.32,1280,720,True
hook_0049.avi,hook,Dataset\rawData\hook\hook_0049.avi,50,25,2.0,1280,720,True
hook_0050.avi,hook,Dataset\rawData\hook\hook_0050.avi,55,25,2.2,1280,720,True
hook_0051.avi,hook,Dataset\rawData\hook\hook_0051.avi,37,25,1.48,1280,720,True
hook_0052.avi,hook,Dataset\rawData\hook\hook_0052.avi,70,25,2.8,1280,720,True
hook_0053.avi,hook,Dataset\rawData\hook\hook_0053.avi,50,25,2.0,1280,720,True
hook_0054.avi,hook,Dataset\rawData\hook\hook_0054.avi,36,25,1.44,1280,720,True
hook_0055.avi,hook,Dataset\rawData\hook\hook_0055.avi,55,25,2.2,1280,720,True
hook_0056.avi,hook,Dataset\rawData\hook\hook_0056.avi,33,25,1.32,1280,720,True
hook_0057.avi,hook,Dataset\rawData\hook\hook_0057.avi,45,25,1.8,1280,720,True
hook_0058.avi,hook,Dataset\rawData\hook\hook_0058.avi,60,25,2.4,1280,720,True
hook_0059.avi,hook,Dataset\rawData\hook\hook_0059.avi,36,25,1.44,1280,720,True
hook_0060.avi,hook,Dataset\rawData\hook\hook_0060.avi,41,25,1.64,1280,720,True
hook_0061.avi,hook,Dataset\rawData\hook\hook_0061.avi,50,25,2.0,1280,720,True
hook_0062.avi,hook,Dataset\rawData\hook\hook_0062.avi,34,25,1.36,1280,720,True
hook_0063.avi,hook,Dataset\rawData\hook\hook_0063.avi,58,25,2.32,1280,720,True
hook_0064.avi,hook,Dataset\rawData\hook\hook_0064.avi,51,25,2.04,1280,720,True
hook_0065.avi,hook,Dataset\rawData\hook\hook_0065.avi,35,25,1.4,1280,720,True
hook_0066.avi,hook,Dataset\rawData\hook\hook_0066.avi,54,25,2.16,1280,720,True
hook_0067.avi,hook,Dataset\rawData\hook\hook_0067.avi,50,25,2.0,1280,720,True
hook_0068.avi,hook,Dataset\rawData\hook\hook_0068.avi,32,25,1.28,1280,720,True
hook_0069.avi,hook,Dataset\rawData\hook\hook_0069.avi,56,25,2.24,1280,720,True
hook_0070.avi,hook,Dataset\rawData\hook\hook_0070.avi,42,25,1.68,1280,720,True
hook_0071.avi,hook,Dataset\rawData\hook\hook_0071.avi,35,25,1.4,1280,720,True
hook_0072.avi,hook,Dataset\rawData\hook\hook_0072.avi,54,25,2.16,1280,720,True
hook_0073.avi,hook,Dataset\rawData\hook\hook_0073.avi,60,25,2.4,1280,720,True
hook_0074.avi,hook,Dataset\rawData\hook\hook_0074.avi,56,25,2.24,1280,720,True
hook_0075.avi,hook,Dataset\rawData\hook\hook_0075.avi,58,25,2.32,1280,720,True
hook_0076.avi,hook,Dataset\rawData\hook\hook_0076.avi,54,25,2.16,1280,720,True
hook_0077.avi,hook,Dataset\rawData\hook\hook_0077.avi,63,25,2.52,1280,720,True
hook_0078.avi,hook,Dataset\rawData\hook\hook_0078.avi,56,25,2.24,1280,720,True
hook_0079.avi,hook,Dataset\rawData\hook\hook_0079.avi,50,25,2.0,1280,720,True
hook_0080.avi,hook,Dataset\rawData\hook\hook_0080.avi,41,25,1.64,1280,720,True
hook_0081.avi,hook,Dataset\rawData\hook\hook_0081.avi,44,25,1.76,1280,720,True
hook_0082.avi,hook,Dataset\rawData\hook\hook_0082.avi,68,25,2.72,1280,720,True
hook_0083.avi,hook,Dataset\rawData\hook\hook_0083.avi,67,25,2.68,1280,720,True
hook_0084.avi,hook,Dataset\rawData\hook\hook_0084.avi,32,25,1.28,1280,720,True
hook_0085.avi,hook,Dataset\rawData\hook\hook_0085.avi,63,25,2.52,1280,720,True
hook_0086.avi,hook,Dataset\rawData\hook\hook_0086.avi,53,25,2.12,1280,720,True
hook_0087.avi,hook,Dataset\rawData\hook\hook_0087.avi,71,25,2.84,1280,720,True
hook_0088.avi,hook,Dataset\rawData\hook\hook_0088.avi,50,25,2.0,1280,720,True
hook_0089.avi,hook,Dataset\rawData\hook\hook_0089.avi,42,25,1.68,1280,720,True
hook_0090.avi,hook,Dataset\rawData\hook\hook_0090.avi,34,25,1.36,1280,720,True
hook_0091.avi,hook,Dataset\rawData\hook\hook_0091.avi,54,25,2.16,1280,720,True
hook_0092.avi,hook,Dataset\rawData\hook\hook_0092.avi,30,25,1.2,1280,720,True
hook_0093.avi,hook,Dataset\rawData\hook\hook_0093.avi,52,25,2.08,1280,720,True
hook_0094.avi,hook,Dataset\rawData\hook\hook_0094.avi,75,25,3.0,1280,720,True
hook_0095.avi,hook,Dataset\rawData\hook\hook_0095.avi,50,25,2.0,1280,720,True
hook_0096.avi,hook,Dataset\rawData\hook\hook_0096.avi,30,25,1.2,1280,720,True
hook_0097.avi,hook,Dataset\rawData\hook\hook_0097.avi,57,25,2.28,1280,720,True
hook_0098.avi,hook,Dataset\rawData\hook\hook_0098.avi,40,25,1.6,1280,720,True
hook_0099.avi,hook,Dataset\rawData\hook\hook_0099.avi,75,25,3.0,1280,720,True
hook_0100.avi,hook,Dataset\rawData\hook\hook_0100.avi,60,25,2.4,1280,720,True
hook_0101.avi,hook,Dataset\rawData\hook\hook_0101.avi,45,25,1.8,1280,720,True
hook_0102.avi,hook,Dataset\rawData\hook\hook_0102.avi,37,25,1.48,1280,720,True
hook_0103.avi,hook,Dataset\rawData\hook\hook_0103.avi,37,25,1.48,1280,720,True
hook_0104.avi,hook,Dataset\rawData\hook\hook_0104.avi,56,25,2.24,1280,720,True
hook_0105.avi,hook,Dataset\rawData\hook\hook_0105.avi,58,25,2.32,1280,720,True
hook_0106.avi,hook,Dataset\rawData\hook\hook_0106.avi,50,25,2.0,1280,720,True
hook_0107.avi,hook,Dataset\rawData\hook\hook_0107.avi,65,25,2.6,1280,720,True
hook_0108.avi,hook,Dataset\rawData\hook\hook_0108.avi,36,25,1.44,1280,720,True
hook_0109.avi,hook,Dataset\rawData\hook\hook_0109.avi,55,25,2.2,1280,720,True
hook_0110.avi,hook,Dataset\rawData\hook\hook_0110.avi,43,25,1.72,1280,720,True
hook_0111.avi,hook,Dataset\rawData\hook\hook_0111.avi,75,25,3.0,1280,720,True
hook_0112.avi,hook,Dataset\rawData\hook\hook_0112.avi,50,25,2.0,1280,720,True
hook_0113.avi,hook,Dataset\rawData\hook\hook_0113.avi,55,25,2.2,1280,720,True
hook_0114.avi,hook,Dataset\rawData\hook\hook_0114.avi,39,25,1.56,1280,720,True
hook_0115.avi,hook,Dataset\rawData\hook\hook_0115.avi,58,25,2.32,1280,720,True
hook_0116.avi,hook,Dataset\rawData\hook\hook_0116.avi,46,25,1.84,1280,720,True
hook_0117.avi,hook,Dataset\rawData\hook\hook_0117.avi,41,25,1.64,1280,720,True
hook_0118.avi,hook,Dataset\rawData\hook\hook_0118.avi,41,25,1.64,1280,720,True
hook_0119.avi,hook,Dataset\rawData\hook\hook_0119.avi,36,25,1.44,1280,720,True
hook_0120.avi,hook,Dataset\rawData\hook\hook_0120.avi,33,25,1.32,1280,720,True
hook_0121.avi,hook,Dataset\rawData\hook\hook_0121.avi,55,25,2.2,1280,720,True
hook_0122.avi,hook,Dataset\rawData\hook\hook_0122.avi,41,25,1.64,1280,720,True
hook_0123.avi,hook,Dataset\rawData\hook\hook_0123.avi,35,25,1.4,1280,720,True
hook_0124.avi,hook,Dataset\rawData\hook\hook_0124.avi,48,25,1.92,1280,720,True
hook_0125.avi,hook,Dataset\rawData\hook\hook_0125.avi,41,25,1.64,1280,720,True
hook_0126.avi,hook,Dataset\rawData\hook\hook_0126.avi,54,25,2.16,1280,720,True
hook_0127.avi,hook,Dataset\rawData\hook\hook_0127.avi,35,25,1.4,1280,720,True
hook_0128.avi,hook,Dataset\rawData\hook\hook_0128.avi,47,25,1.88,1280,720,True
hook_0129.avi,hook,Dataset\rawData\hook\hook_0129.avi,50,25,2.0,1280,720,True
hook_0130.avi,hook,Dataset\rawData\hook\hook_0130.avi,80,25,3.2,1280,720,True
hook_0131.avi,hook,Dataset\rawData\hook\hook_0131.avi,40,25,1.6,1280,720,True
hook_0132.avi,hook,Dataset\rawData\hook\hook_0132.avi,50,25,2.0,1280,720,True
hook_0133.avi,hook,Dataset\rawData\hook\hook_0133.avi,55,25,2.2,1280,720,True
hook_0134.avi,hook,Dataset\rawData\hook\hook_0134.avi,57,25,2.28,1280,720,True
hook_0135.avi,hook,Dataset\rawData\hook\hook_0135.avi,50,25,2.0,1280,720,True
hook_0136.avi,hook,Dataset\rawData\hook\hook_0136.avi,35,25,1.4,1280,720,True
hook_0137.avi,hook,Dataset\rawData\hook\hook_0137.avi,55,25,2.2,1280,720,True
hook_0138.avi,hook,Dataset\rawData\hook\hook_0138.avi,62,25,2.48,1280,720,True
hook_0139.avi,hook,Dataset\rawData\hook\hook_0139.avi,40,25,1.6,1280,720,True
hook_0140.avi,hook,Dataset\rawData\hook\hook_0140.avi,45,25,1.8,1280,720,True
hook_0141.avi,hook,Dataset\rawData\hook\hook_0141.avi,38,25,1.52,1280,720,True
hook_0142.avi,hook,Dataset\rawData\hook\hook_0142.avi,50,25,2.0,1280,720,True
hook_0143.avi,hook,Dataset\rawData\hook\hook_0143.avi,65,25,2.6,1280,720,True
hook_0144.avi,hook,Dataset\rawData\hook\hook_0144.avi,62,25,2.48,1280,720,True
hook_0145.avi,hook,Dataset\rawData\hook\hook_0145.avi,84,25,3.36,1280,720,True
hook_0146.avi,hook,Dataset\rawData\hook\hook_0146.avi,57,25,2.28,1280,720,True
hook_0147.avi,hook,Dataset\rawData\hook\hook_0147.avi,44,25,1.76,1280,720,True
hook_0148.avi,hook,Dataset\rawData\hook\hook_0148.avi,50,25,2.0,1280,720,True
hook_0149.avi,hook,Dataset\rawData\hook\hook_0149.avi,59,25,2.36,1280,720,True
hook_0150.avi,hook,Dataset\rawData\hook\hook_0150.avi,35,25,1.4,1280,720,True
hook_0151.avi,hook,Dataset\rawData\hook\hook_0151.avi,62,25,2.48,1280,720,True
hook_0152.avi,hook,Dataset\rawData\hook\hook_0152.avi,35,25,1.4,1280,720,True
hook_0153.avi,hook,Dataset\rawData\hook\hook_0153.avi,38,25,1.52,1280,720,True
hook_0154.avi,hook,Dataset\rawData\hook\hook_0154.avi,32,25,1.28,1280,720,True
hook_0155.avi,hook,Dataset\rawData\hook\hook_0155.avi,50,25,2.0,1280,720,True
hook_0156.avi,hook,Dataset\rawData\hook\hook_0156.avi,45,25,1.8,1280,720,True
hook_0157.avi,hook,Dataset\rawData\hook\hook_0157.avi,57,25,2.28,1280,720,True
hook_0158.avi,hook,Dataset\rawData\hook\hook_0158.avi,55,25,2.2,1280,720,True
hook_0159.avi,hook,Dataset\rawData\hook\hook_0159.avi,36,25,1.44,1280,720,True
hook_0160.avi,hook,Dataset\rawData\hook\hook_0160.avi,52,25,2.08,1280,720,True
hook_0161.avi,hook,Dataset\rawData\hook\hook_0161.avi,52,25,2.08,1280,720,True
hook_0162.avi,hook,Dataset\rawData\hook\hook_0162.avi,75,25,3.0,1280,720,True
hook_0163.avi,hook,Dataset\rawData\hook\hook_0163.avi,75,25,3.0,1280,720,True
hook_0164.avi,hook,Dataset\rawData\hook\hook_0164.avi,30,25,1.2,1280,720,True
hook_0165.avi,hook,Dataset\rawData\hook\hook_0165.avi,30,25,1.2,1280,720,True
hook_0166.avi,hook,Dataset\rawData\hook\hook_0166.avi,57,25,2.28,1280,720,True
hook_0167.avi,hook,Dataset\rawData\hook\hook_0167.avi,57,25,2.28,1280,720,True
hook_0168.avi,hook,Dataset\rawData\hook\hook_0168.avi,40,25,1.6,1280,720,True
hook_0169.avi,hook,Dataset\rawData\hook\hook_0169.avi,40,25,1.6,1280,720,True
hook_0170.avi,hook,Dataset\rawData\hook\hook_0170.avi,40,25,1.6,1280,720,True
hook_0171.avi,hook,Dataset\rawData\hook\hook_0171.avi,73,25,2.92,1280,720,True
hook_0172.avi,hook,Dataset\rawData\hook\hook_0172.avi,73,25,2.92,1280,720,True
hook_0173.avi,hook,Dataset\rawData\hook\hook_0173.avi,45,25,1.8,1280,720,True
hook_0174.avi,hook,Dataset\rawData\hook\hook_0174.avi,45,25,1.8,1280,720,True
hook_0175.avi,hook,Dataset\rawData\hook\hook_0175.avi,45,25,1.8,1280,720,True
hook_0176.avi,hook,Dataset\rawData\hook\hook_0176.avi,45,25,1.8,1280,720,True
hook_0177.avi,hook,Dataset\rawData\hook\hook_0177.avi,50,25,2.0,1280,720,True
hook_0178.avi,hook,Dataset\rawData\hook\hook_0178.avi,45,25,1.8,1280,720,True
hook_0179.avi,hook,Dataset\rawData\hook\hook_0179.avi,51,25,2.04,1280,720,True
hook_0180.avi,hook,Dataset\rawData\hook\hook_0180.avi,65,25,2.6,1280,720,True
hook_0181.avi,hook,Dataset\rawData\hook\hook_0181.avi,42,25,1.68,1280,720,True
late_cut_0001.avi,late_cut,Dataset\rawData\late_cut\late_cut_0001.avi,50,25,2.0,1280,720,True
late_cut_0002.avi,late_cut,Dataset\rawData\late_cut\late_cut_0002.avi,55,25,2.2,1280,720,True
late_cut_0003.avi,late_cut,Dataset\rawData\late_cut\late_cut_0003.avi,25,25,1.0,1280,720,True
late_cut_0004.avi,late_cut,Dataset\rawData\late_cut\late_cut_0004.avi,25,25,1.0,1280,720,True
late_cut_0005.avi,late_cut,Dataset\rawData\late_cut\late_cut_0005.avi,50,25,2.0,1280,720,True
late_cut_0006.avi,late_cut,Dataset\rawData\late_cut\late_cut_0006.avi,50,25,2.0,1280,720,True
late_cut_0007.avi,late_cut,Dataset\rawData\late_cut\late_cut_0007.avi,50,25,2.0,1280,720,True
late_cut_0008.avi,late_cut,Dataset\rawData\late_cut\late_cut_0008.avi,50,25,2.0,1280,720,True
late_cut_0009.avi,late_cut,Dataset\rawData\late_cut\late_cut_0009.avi,55,25,2.2,1280,720,True
late_cut_0010.avi,late_cut,Dataset\rawData\late_cut\late_cut_0010.avi,55,25,2.2,1280,720,True
late_cut_0011.avi,late_cut,Dataset\rawData\late_cut\late_cut_0011.avi,50,25,2.0,1280,720,True
late_cut_0012.avi,late_cut,Dataset\rawData\late_cut\late_cut_0012.avi,50,25,2.0,1280,720,True
late_cut_0013.avi,late_cut,Dataset\rawData\late_cut\late_cut_0013.avi,51,25,2.04,1280,720,True
late_cut_0014.avi,late_cut,Dataset\rawData\late_cut\late_cut_0014.avi,52,25,2.08,1280,720,True
late_cut_0015.avi,late_cut,Dataset\rawData\late_cut\late_cut_0015.avi,51,25,2.04,1280,720,True
late_cut_0016.avi,late_cut,Dataset\rawData\late_cut\late_cut_0016.avi,61,25,2.44,1280,720,True
late_cut_0017.avi,late_cut,Dataset\rawData\late_cut\late_cut_0017.avi,62,25,2.48,1280,720,True
late_cut_0018.avi,late_cut,Dataset\rawData\late_cut\late_cut_0018.avi,75,25,3.0,1280,720,True
late_cut_0019.avi,late_cut,Dataset\rawData\late_cut\late_cut_0019.avi,75,25,3.0,1280,720,True
late_cut_0020.avi,late_cut,Dataset\rawData\late_cut\late_cut_0020.avi,75,25,3.0,1280,720,True
late_cut_0021.avi,late_cut,Dataset\rawData\late_cut\late_cut_0021.avi,82,25,3.28,1280,720,True
late_cut_0022.avi,late_cut,Dataset\rawData\late_cut\late_cut_0022.avi,50,25,2.0,1280,720,True
late_cut_0023.avi,late_cut,Dataset\rawData\late_cut\late_cut_0023.avi,50,25,2.0,1280,720,True
late_cut_0024.avi,late_cut,Dataset\rawData\late_cut\late_cut_0024.avi,50,25,2.0,1280,720,True
late_cut_0025.avi,late_cut,Dataset\rawData\late_cut\late_cut_0025.avi,67,25,2.68,1280,720,True
late_cut_0026.avi,late_cut,Dataset\rawData\late_cut\late_cut_0026.avi,52,25,2.08,1280,720,True
late_cut_0027.avi,late_cut,Dataset\rawData\late_cut\late_cut_0027.avi,55,25,2.2,1280,720,True
late_cut_0028.avi,late_cut,Dataset\rawData\late_cut\late_cut_0028.avi,54,25,2.16,1280,720,True
late_cut_0029.avi,late_cut,Dataset\rawData\late_cut\late_cut_0029.avi,52,25,2.08,1280,720,True
late_cut_0030.avi,late_cut,Dataset\rawData\late_cut\late_cut_0030.avi,51,25,2.04,1280,720,True
late_cut_0031.avi,late_cut,Dataset\rawData\late_cut\late_cut_0031.avi,50,25,2.0,1280,720,True
late_cut_0032.avi,late_cut,Dataset\rawData\late_cut\late_cut_0032.avi,62,25,2.48,1280,720,True
late_cut_0033.avi,late_cut,Dataset\rawData\late_cut\late_cut_0033.avi,50,25,2.0,1280,720,True
late_cut_0034.avi,late_cut,Dataset\rawData\late_cut\late_cut_0034.avi,48,25,1.92,1280,720,True
late_cut_0035.avi,late_cut,Dataset\rawData\late_cut\late_cut_0035.avi,52,25,2.08,1280,720,True
late_cut_0036.avi,late_cut,Dataset\rawData\late_cut\late_cut_0036.avi,48,25,1.92,1280,720,True
late_cut_0037.avi,late_cut,Dataset\rawData\late_cut\late_cut_0037.avi,56,25,2.24,1280,720,True
late_cut_0038.avi,late_cut,Dataset\rawData\late_cut\late_cut_0038.avi,55,25,2.2,1280,720,True
late_cut_0039.avi,late_cut,Dataset\rawData\late_cut\late_cut_0039.avi,38,25,1.52,1280,720,True
late_cut_0040.avi,late_cut,Dataset\rawData\late_cut\late_cut_0040.avi,77,25,3.08,1280,720,True
late_cut_0041.avi,late_cut,Dataset\rawData\late_cut\late_cut_0041.avi,85,25,3.4,1280,720,True
late_cut_0042.avi,late_cut,Dataset\rawData\late_cut\late_cut_0042.avi,50,25,2.0,1280,720,True
late_cut_0043.avi,late_cut,Dataset\rawData\late_cut\late_cut_0043.avi,57,25,2.28,1280,720,True
late_cut_0044.avi,late_cut,Dataset\rawData\late_cut\late_cut_0044.avi,70,25,2.8,1280,720,True
late_cut_0045.avi,late_cut,Dataset\rawData\late_cut\late_cut_0045.avi,54,25,2.16,1280,720,True
late_cut_0046.avi,late_cut,Dataset\rawData\late_cut\late_cut_0046.avi,60,25,2.4,1280,720,True
late_cut_0047.avi,late_cut,Dataset\rawData\late_cut\late_cut_0047.avi,56,25,2.24,1280,720,True
late_cut_0048.avi,late_cut,Dataset\rawData\late_cut\late_cut_0048.avi,51,25,2.04,1280,720,True
late_cut_0049.avi,late_cut,Dataset\rawData\late_cut\late_cut_0049.avi,50,25,2.0,1280,720,True
late_cut_0050.avi,late_cut,Dataset\rawData\late_cut\late_cut_0050.avi,70,25,2.8,1280,720,True
late_cut_0051.avi,late_cut,Dataset\rawData\late_cut\late_cut_0051.avi,50,25,2.0,1280,720,True
late_cut_0052.avi,late_cut,Dataset\rawData\late_cut\late_cut_0052.avi,50,25,2.0,1280,720,True
late_cut_0053.avi,late_cut,Dataset\rawData\late_cut\late_cut_0053.avi,52,25,2.08,1280,720,True
late_cut_0054.avi,late_cut,Dataset\rawData\late_cut\late_cut_0054.avi,52,25,2.08,1280,720,True
late_cut_0055.avi,late_cut,Dataset\rawData\late_cut\late_cut_0055.avi,51,25,2.04,1280,720,True
late_cut_0056.avi,late_cut,Dataset\rawData\late_cut\late_cut_0056.avi,51,25,2.04,1280,720,True
late_cut_0057.avi,late_cut,Dataset\rawData\late_cut\late_cut_0057.avi,50,25,2.0,1280,720,True
late_cut_0058.avi,late_cut,Dataset\rawData\late_cut\late_cut_0058.avi,50,25,2.0,1280,720,True
late_cut_0059.avi,late_cut,Dataset\rawData\late_cut\late_cut_0059.avi,50,25,2.0,1280,720,True
late_cut_0060.avi,late_cut,Dataset\rawData\late_cut\late_cut_0060.avi,50,25,2.0,1280,720,True
late_cut_0061.avi,late_cut,Dataset\rawData\late_cut\late_cut_0061.avi,50,25,2.0,1280,720,True
late_cut_0062.avi,late_cut,Dataset\rawData\late_cut\late_cut_0062.avi,50,25,2.0,1280,720,True
late_cut_0063.avi,late_cut,Dataset\rawData\late_cut\late_cut_0063.avi,50,25,2.0,1280,720,True
late_cut_0064.avi,late_cut,Dataset\rawData\late_cut\late_cut_0064.avi,50,25,2.0,1280,720,True
late_cut_0065.avi,late_cut,Dataset\rawData\late_cut\late_cut_0065.avi,60,25,2.4,1280,720,True
late_cut_0066.avi,late_cut,Dataset\rawData\late_cut\late_cut_0066.avi,60,25,2.4,1280,720,True
late_cut_0067.avi,late_cut,Dataset\rawData\late_cut\late_cut_0067.avi,52,25,2.08,1280,720,True
late_cut_0068.avi,late_cut,Dataset\rawData\late_cut\late_cut_0068.avi,70,25,2.8,1280,720,True
late_cut_0069.avi,late_cut,Dataset\rawData\late_cut\late_cut_0069.avi,45,25,1.8,1280,720,True
late_cut_0070.avi,late_cut,Dataset\rawData\late_cut\late_cut_0070.avi,66,25,2.64,1280,720,True
late_cut_0071.avi,late_cut,Dataset\rawData\late_cut\late_cut_0071.avi,66,25,2.64,1280,720,True
late_cut_0072.avi,late_cut,Dataset\rawData\late_cut\late_cut_0072.avi,54,25,2.16,1280,720,True
late_cut_0073.avi,late_cut,Dataset\rawData\late_cut\late_cut_0073.avi,54,25,2.16,1280,720,True
late_cut_0074.avi,late_cut,Dataset\rawData\late_cut\late_cut_0074.avi,55,25,2.2,1280,720,True
late_cut_0075.avi,late_cut,Dataset\rawData\late_cut\late_cut_0075.avi,55,25,2.2,1280,720,True
late_cut_0076.avi,late_cut,Dataset\rawData\late_cut\late_cut_0076.avi,50,25,2.0,1280,720,True
late_cut_0077.avi,late_cut,Dataset\rawData\late_cut\late_cut_0077.avi,55,25,2.2,1280,720,True
late_cut_0078.avi,late_cut,Dataset\rawData\late_cut\late_cut_0078.avi,55,25,2.2,1280,720,True
late_cut_0079.avi,late_cut,Dataset\rawData\late_cut\late_cut_0079.avi,55,25,2.2,1280,720,True
late_cut_0080.avi,late_cut,Dataset\rawData\late_cut\late_cut_0080.avi,55,25,2.2,1280,720,True
late_cut_0081.avi,late_cut,Dataset\rawData\late_cut\late_cut_0081.avi,53,25,2.12,1280,720,True
late_cut_0082.avi,late_cut,Dataset\rawData\late_cut\late_cut_0082.avi,53,25,2.12,1280,720,True
late_cut_0083.avi,late_cut,Dataset\rawData\late_cut\late_cut_0083.avi,45,25,1.8,1280,720,True
late_cut_0084.avi,late_cut,Dataset\rawData\late_cut\late_cut_0084.avi,50,25,2.0,1280,720,True
late_cut_0085.avi,late_cut,Dataset\rawData\late_cut\late_cut_0085.avi,51,25,2.04,1280,720,True
late_cut_0086.avi,late_cut,Dataset\rawData\late_cut\late_cut_0086.avi,51,25,2.04,1280,720,True
late_cut_0087.avi,late_cut,Dataset\rawData\late_cut\late_cut_0087.avi,57,25,2.28,1280,720,True
late_cut_0088.avi,late_cut,Dataset\rawData\late_cut\late_cut_0088.avi,55,25,2.2,1280,720,True
late_cut_0089.avi,late_cut,Dataset\rawData\late_cut\late_cut_0089.avi,55,25,2.2,1280,720,True
late_cut_0090.avi,late_cut,Dataset\rawData\late_cut\late_cut_0090.avi,70,25,2.8,1280,720,True
late_cut_0091.avi,late_cut,Dataset\rawData\late_cut\late_cut_0091.avi,50,25,2.0,1280,720,True
late_cut_0092.avi,late_cut,Dataset\rawData\late_cut\late_cut_0092.avi,50,25,2.0,1280,720,True
late_cut_0093.avi,late_cut,Dataset\rawData\late_cut\late_cut_0093.avi,63,25,2.52,1280,720,True
late_cut_0094.avi,late_cut,Dataset\rawData\late_cut\late_cut_0094.avi,63,25,2.52,1280,720,True
late_cut_0095.avi,late_cut,Dataset\rawData\late_cut\late_cut_0095.avi,51,25,2.04,1280,720,True
late_cut_0096.avi,late_cut,Dataset\rawData\late_cut\late_cut_0096.avi,51,25,2.04,1280,720,True
late_cut_0097.avi,late_cut,Dataset\rawData\late_cut\late_cut_0097.avi,60,25,2.4,1280,720,True
late_cut_0098.avi,late_cut,Dataset\rawData\late_cut\late_cut_0098.avi,60,25,2.4,1280,720,True
late_cut_0099.avi,late_cut,Dataset\rawData\late_cut\late_cut_0099.avi,67,25,2.68,1280,720,True
late_cut_0100.avi,late_cut,Dataset\rawData\late_cut\late_cut_0100.avi,67,25,2.68,1280,720,True
late_cut_0101.avi,late_cut,Dataset\rawData\late_cut\late_cut_0101.avi,50,25,2.0,1280,720,True
late_cut_0102.avi,late_cut,Dataset\rawData\late_cut\late_cut_0102.avi,55,25,2.2,1280,720,True
late_cut_0103.avi,late_cut,Dataset\rawData\late_cut\late_cut_0103.avi,50,25,2.0,1280,720,True
late_cut_0104.avi,late_cut,Dataset\rawData\late_cut\late_cut_0104.avi,35,25,1.4,1280,720,True
late_cut_0105.avi,late_cut,Dataset\rawData\late_cut\late_cut_0105.avi,49,25,1.96,1280,720,True
late_cut_0106.avi,late_cut,Dataset\rawData\late_cut\late_cut_0106.avi,59,25,2.36,1280,720,True
late_cut_0107.avi,late_cut,Dataset\rawData\late_cut\late_cut_0107.avi,54,25,2.16,1280,720,True
late_cut_0108.avi,late_cut,Dataset\rawData\late_cut\late_cut_0108.avi,52,25,2.08,1280,720,True
late_cut_0109.avi,late_cut,Dataset\rawData\late_cut\late_cut_0109.avi,50,25,2.0,1280,720,True
late_cut_0110.avi,late_cut,Dataset\rawData\late_cut\late_cut_0110.avi,55,25,2.2,1280,720,True
late_cut_0111.avi,late_cut,Dataset\rawData\late_cut\late_cut_0111.avi,50,25,2.0,1280,720,True
late_cut_0112.avi,late_cut,Dataset\rawData\late_cut\late_cut_0112.avi,55,25,2.2,1280,720,True
late_cut_0113.avi,late_cut,Dataset\rawData\late_cut\late_cut_0113.avi,46,25,1.84,1280,720,True
late_cut_0114.avi,late_cut,Dataset\rawData\late_cut\late_cut_0114.avi,46,25,1.84,1280,720,True
late_cut_0115.avi,late_cut,Dataset\rawData\late_cut\late_cut_0115.avi,50,25,2.0,1280,720,True
late_cut_0116.avi,late_cut,Dataset\rawData\late_cut\late_cut_0116.avi,50,25,2.0,1280,720,True
late_cut_0117.avi,late_cut,Dataset\rawData\late_cut\late_cut_0117.avi,52,25,2.08,1280,720,True
late_cut_0118.avi,late_cut,Dataset\rawData\late_cut\late_cut_0118.avi,52,25,2.08,1280,720,True
late_cut_0119.avi,late_cut,Dataset\rawData\late_cut\late_cut_0119.avi,54,25,2.16,1280,720,True
late_cut_0120.avi,late_cut,Dataset\rawData\late_cut\late_cut_0120.avi,57,25,2.28,1280,720,True
late_cut_0121.avi,late_cut,Dataset\rawData\late_cut\late_cut_0121.avi,57,25,2.28,1280,720,True
late_cut_0122.avi,late_cut,Dataset\rawData\late_cut\late_cut_0122.avi,52,25,2.08,1280,720,True
late_cut_0123.avi,late_cut,Dataset\rawData\late_cut\late_cut_0123.avi,52,25,2.08,1280,720,True
late_cut_0124.avi,late_cut,Dataset\rawData\late_cut\late_cut_0124.avi,55,25,2.2,1280,720,True
late_cut_0125.avi,late_cut,Dataset\rawData\late_cut\late_cut_0125.avi,50,25,2.0,1280,720,True
late_cut_0126.avi,late_cut,Dataset\rawData\late_cut\late_cut_0126.avi,52,25,2.08,1280,720,True
late_cut_0127.avi,late_cut,Dataset\rawData\late_cut\late_cut_0127.avi,55,25,2.2,1280,720,True
late_cut_0128.avi,late_cut,Dataset\rawData\late_cut\late_cut_0128.avi,51,25,2.04,1280,720,True
late_cut_0129.avi,late_cut,Dataset\rawData\late_cut\late_cut_0129.avi,50,25,2.0,1280,720,True
late_cut_0130.avi,late_cut,Dataset\rawData\late_cut\late_cut_0130.avi,70,25,2.8,1280,720,True
late_cut_0131.avi,late_cut,Dataset\rawData\late_cut\late_cut_0131.avi,57,25,2.28,1280,720,True
late_cut_0132.avi,late_cut,Dataset\rawData\late_cut\late_cut_0132.avi,50,25,2.0,1280,720,True
late_cut_0133.avi,late_cut,Dataset\rawData\late_cut\late_cut_0133.avi,52,25,2.08,1280,720,True
late_cut_0134.avi,late_cut,Dataset\rawData\late_cut\late_cut_0134.avi,49,25,1.96,1280,720,True
late_cut_0135.avi,late_cut,Dataset\rawData\late_cut\late_cut_0135.avi,49,25,1.96,1280,720,True
late_cut_0136.avi,late_cut,Dataset\rawData\late_cut\late_cut_0136.avi,55,25,2.2,1280,720,True
late_cut_0137.avi,late_cut,Dataset\rawData\late_cut\late_cut_0137.avi,55,25,2.2,1280,720,True
late_cut_0138.avi,late_cut,Dataset\rawData\late_cut\late_cut_0138.avi,57,25,2.28,1280,720,True
late_cut_0139.avi,late_cut,Dataset\rawData\late_cut\late_cut_0139.avi,57,25,2.28,1280,720,True
late_cut_0140.avi,late_cut,Dataset\rawData\late_cut\late_cut_0140.avi,60,25,2.4,1280,720,True
late_cut_0141.avi,late_cut,Dataset\rawData\late_cut\late_cut_0141.avi,50,25,2.0,1280,720,True
late_cut_0142.avi,late_cut,Dataset\rawData\late_cut\late_cut_0142.avi,51,25,2.04,1280,720,True
late_cut_0143.avi,late_cut,Dataset\rawData\late_cut\late_cut_0143.avi,56,25,2.24,1280,720,True
late_cut_0144.avi,late_cut,Dataset\rawData\late_cut\late_cut_0144.avi,52,25,2.08,1280,720,True
late_cut_0145.avi,late_cut,Dataset\rawData\late_cut\late_cut_0145.avi,51,25,2.04,1280,720,True
late_cut_0146.avi,late_cut,Dataset\rawData\late_cut\late_cut_0146.avi,51,25,2.04,1280,720,True
late_cut_0147.avi,late_cut,Dataset\rawData\late_cut\late_cut_0147.avi,51,25,2.04,1280,720,True
late_cut_0148.avi,late_cut,Dataset\rawData\late_cut\late_cut_0148.avi,50,25,2.0,1280,720,True
late_cut_0149.avi,late_cut,Dataset\rawData\late_cut\late_cut_0149.avi,61,25,2.44,1280,720,True
late_cut_0150.avi,late_cut,Dataset\rawData\late_cut\late_cut_0150.avi,51,25,2.04,1280,720,True
late_cut_0151.avi,late_cut,Dataset\rawData\late_cut\late_cut_0151.avi,50,25,2.0,1280,720,True
late_cut_0152.avi,late_cut,Dataset\rawData\late_cut\late_cut_0152.avi,62,25,2.48,1280,720,True
late_cut_0153.avi,late_cut,Dataset\rawData\late_cut\late_cut_0153.avi,48,25,1.92,1280,720,True
late_cut_0154.avi,late_cut,Dataset\rawData\late_cut\late_cut_0154.avi,43,25,1.72,1280,720,True
late_cut_0155.avi,late_cut,Dataset\rawData\late_cut\late_cut_0155.avi,55,25,2.2,1280,720,True
late_cut_0156.avi,late_cut,Dataset\rawData\late_cut\late_cut_0156.avi,75,25,3.0,1280,720,True
late_cut_0157.avi,late_cut,Dataset\rawData\late_cut\late_cut_0157.avi,40,25,1.6,1280,720,True
late_cut_0158.avi,late_cut,Dataset\rawData\late_cut\late_cut_0158.avi,51,25,2.04,1280,720,True
late_cut_0159.avi,late_cut,Dataset\rawData\late_cut\late_cut_0159.avi,50,25,2.0,1280,720,True
late_cut_0160.avi,late_cut,Dataset\rawData\late_cut\late_cut_0160.avi,50,25,2.0,1280,720,True
late_cut_0161.avi,late_cut,Dataset\rawData\late_cut\late_cut_0161.avi,35,25,1.4,1280,720,True
late_cut_0162.avi,late_cut,Dataset\rawData\late_cut\late_cut_0162.avi,79,25,3.16,1280,720,True
late_cut_0163.avi,late_cut,Dataset\rawData\late_cut\late_cut_0163.avi,81,25,3.24,1280,720,True
late_cut_0164.avi,late_cut,Dataset\rawData\late_cut\late_cut_0164.avi,107,25,4.28,1280,720,True
late_cut_0165.avi,late_cut,Dataset\rawData\late_cut\late_cut_0165.avi,65,25,2.6,1280,720,True
late_cut_0166.avi,late_cut,Dataset\rawData\late_cut\late_cut_0166.avi,86,25,3.44,1280,720,True
late_cut_0167.avi,late_cut,Dataset\rawData\late_cut\late_cut_0167.avi,72,25,2.88,1280,720,True
late_cut_0168.avi,late_cut,Dataset\rawData\late_cut\late_cut_0168.avi,50,25,2.0,1280,720,True
late_cut_0169.avi,late_cut,Dataset\rawData\late_cut\late_cut_0169.avi,40,25,1.6,1280,720,True
late_cut_0170.avi,late_cut,Dataset\rawData\late_cut\late_cut_0170.avi,56,25,2.24,1280,720,True
late_cut_0171.avi,late_cut,Dataset\rawData\late_cut\late_cut_0171.avi,50,25,2.0,1280,720,True
late_cut_0172.avi,late_cut,Dataset\rawData\late_cut\late_cut_0172.avi,100,25,4.0,1280,720,True
late_cut_0173.avi,late_cut,Dataset\rawData\late_cut\late_cut_0173.avi,65,25,2.6,1280,720,True
late_cut_0174.avi,late_cut,Dataset\rawData\late_cut\late_cut_0174.avi,55,25,2.2,1280,720,True
late_cut_0175.avi,late_cut,Dataset\rawData\late_cut\late_cut_0175.avi,55,25,2.2,1280,720,True
late_cut_0176.avi,late_cut,Dataset\rawData\late_cut\late_cut_0176.avi,50,25,2.0,1280,720,True
late_cut_0177.avi,late_cut,Dataset\rawData\late_cut\late_cut_0177.avi,62,25,2.48,640,480,True
late_cut_0178.avi,late_cut,Dataset\rawData\late_cut\late_cut_0178.avi,45,25,1.8,640,480,True
late_cut_0179.avi,late_cut,Dataset\rawData\late_cut\late_cut_0179.avi,55,25,2.2,1280,720,True
late_cut_0180.avi,late_cut,Dataset\rawData\late_cut\late_cut_0180.avi,50,25,2.0,1280,720,True
late_cut_0181.avi,late_cut,Dataset\rawData\late_cut\late_cut_0181.avi,40,25,1.6,1280,720,True
late_cut_0182.avi,late_cut,Dataset\rawData\late_cut\late_cut_0182.avi,50,25,2.0,1280,720,True
lofted_0001.avi,lofted,Dataset\rawData\lofted\lofted_0001.avi,120,25,4.8,1280,720,True
lofted_0002.avi,lofted,Dataset\rawData\lofted\lofted_0002.avi,135,25,5.4,1280,720,True
lofted_0003.avi,lofted,Dataset\rawData\lofted\lofted_0003.avi,117,25,4.68,1280,720,True
lofted_0004.avi,lofted,Dataset\rawData\lofted\lofted_0004.avi,147,25,5.88,1280,720,True
lofted_0005.avi,lofted,Dataset\rawData\lofted\lofted_0005.avi,121,25,4.84,1280,720,True
lofted_0006.avi,lofted,Dataset\rawData\lofted\lofted_0006.avi,165,25,6.6,1280,720,True
lofted_0007.avi,lofted,Dataset\rawData\lofted\lofted_0007.avi,118,25,4.72,1280,720,True
lofted_0008.avi,lofted,Dataset\rawData\lofted\lofted_0008.avi,157,29,5.413793103448276,1280,720,True
lofted_0009.avi,lofted,Dataset\rawData\lofted\lofted_0009.avi,186,29,6.413793103448276,1280,720,True
lofted_0010.avi,lofted,Dataset\rawData\lofted\lofted_0010.avi,154,25,6.16,1280,720,True
lofted_0011.avi,lofted,Dataset\rawData\lofted\lofted_0011.avi,76,25,3.04,1280,720,True
lofted_0012.avi,lofted,Dataset\rawData\lofted\lofted_0012.avi,114,25,4.56,1280,720,True
lofted_0013.avi,lofted,Dataset\rawData\lofted\lofted_0013.avi,115,25,4.6,1280,720,True
lofted_0014.avi,lofted,Dataset\rawData\lofted\lofted_0014.avi,156,25,6.24,1280,720,True
lofted_0015.avi,lofted,Dataset\rawData\lofted\lofted_0015.avi,115,25,4.6,1280,720,True
lofted_0016.avi,lofted,Dataset\rawData\lofted\lofted_0016.avi,107,25,4.28,1280,720,True
lofted_0017.avi,lofted,Dataset\rawData\lofted\lofted_0017.avi,118,25,4.72,1280,720,True
lofted_0018.avi,lofted,Dataset\rawData\lofted\lofted_0018.avi,126,25,5.04,1280,720,True
lofted_0019.avi,lofted,Dataset\rawData\lofted\lofted_0019.avi,156,25,6.24,1280,720,True
lofted_0020.avi,lofted,Dataset\rawData\lofted\lofted_0020.avi,128,25,5.12,1280,720,True
lofted_0021.avi,lofted,Dataset\rawData\lofted\lofted_0021.avi,130,25,5.2,1280,720,True
lofted_0022.avi,lofted,Dataset\rawData\lofted\lofted_0022.avi,139,30,4.633333333333334,1280,720,True
lofted_0023.avi,lofted,Dataset\rawData\lofted\lofted_0023.avi,121,25,4.84,1280,720,True
lofted_0024.avi,lofted,Dataset\rawData\lofted\lofted_0024.avi,95,25,3.8,1280,720,True
lofted_0025.avi,lofted,Dataset\rawData\lofted\lofted_0025.avi,151,25,6.04,1280,720,True
lofted_0026.avi,lofted,Dataset\rawData\lofted\lofted_0026.avi,134,25,5.36,1280,720,True
lofted_0027.avi,lofted,Dataset\rawData\lofted\lofted_0027.avi,129,25,5.16,1280,720,True
lofted_0028.avi,lofted,Dataset\rawData\lofted\lofted_0028.avi,117,25,4.68,1280,720,True
lofted_0029.avi,lofted,Dataset\rawData\lofted\lofted_0029.avi,169,25,6.76,1280,720,True
lofted_0030.avi,lofted,Dataset\rawData\lofted\lofted_0030.avi,125,25,5.0,1280,720,True
lofted_0031.avi,lofted,Dataset\rawData\lofted\lofted_0031.avi,127,25,5.08,1280,720,True
lofted_0032.avi,lofted,Dataset\rawData\lofted\lofted_0032.avi,107,25,4.28,1280,720,True
lofted_0033.avi,lofted,Dataset\rawData\lofted\lofted_0033.avi,128,25,5.12,1280,720,True
lofted_0034.avi,lofted,Dataset\rawData\lofted\lofted_0034.avi,122,25,4.88,1280,720,True
lofted_0035.avi,lofted,Dataset\rawData\lofted\lofted_0035.avi,132,25,5.28,1280,720,True
lofted_0036.avi,lofted,Dataset\rawData\lofted\lofted_0036.avi,134,25,5.36,1280,720,True
lofted_0037.avi,lofted,Dataset\rawData\lofted\lofted_0037.avi,107,25,4.28,1280,720,True
lofted_0038.avi,lofted,Dataset\rawData\lofted\lofted_0038.avi,131,25,5.24,1280,720,True
lofted_0039.avi,lofted,Dataset\rawData\lofted\lofted_0039.avi,140,25,5.6,1280,720,True
lofted_0040.avi,lofted,Dataset\rawData\lofted\lofted_0040.avi,121,25,4.84,1280,720,True
lofted_0041.avi,lofted,Dataset\rawData\lofted\lofted_0041.avi,118,25,4.72,1280,720,True
lofted_0042.avi,lofted,Dataset\rawData\lofted\lofted_0042.avi,150,30,5.0,1280,720,True
lofted_0043.avi,lofted,Dataset\rawData\lofted\lofted_0043.avi,192,25,7.68,1280,720,True
lofted_0044.avi,lofted,Dataset\rawData\lofted\lofted_0044.avi,113,25,4.52,1280,720,True
lofted_0045.avi,lofted,Dataset\rawData\lofted\lofted_0045.avi,153,25,6.12,1280,720,True
lofted_0046.avi,lofted,Dataset\rawData\lofted\lofted_0046.avi,128,25,5.12,1280,720,True
lofted_0047.avi,lofted,Dataset\rawData\lofted\lofted_0047.avi,116,25,4.64,1280,720,True
lofted_0048.avi,lofted,Dataset\rawData\lofted\lofted_0048.avi,125,25,5.0,1280,720,True
lofted_0049.avi,lofted,Dataset\rawData\lofted\lofted_0049.avi,162,25,6.48,1280,720,True
lofted_0050.avi,lofted,Dataset\rawData\lofted\lofted_0050.avi,150,25,6.0,1280,720,True
lofted_0051.avi,lofted,Dataset\rawData\lofted\lofted_0051.avi,125,25,5.0,1280,720,True
lofted_0052.avi,lofted,Dataset\rawData\lofted\lofted_0052.avi,184,30,6.133333333333334,1280,720,True
lofted_0053.avi,lofted,Dataset\rawData\lofted\lofted_0053.avi,118,25,4.72,1280,720,True
lofted_0054.avi,lofted,Dataset\rawData\lofted\lofted_0054.avi,159,25,6.36,1280,720,True
lofted_0055.avi,lofted,Dataset\rawData\lofted\lofted_0055.avi,148,25,5.92,1280,720,True
lofted_0056.avi,lofted,Dataset\rawData\lofted\lofted_0056.avi,126,25,5.04,1280,720,True
lofted_0057.avi,lofted,Dataset\rawData\lofted\lofted_0057.avi,154,25,6.16,1280,720,True
lofted_0058.avi,lofted,Dataset\rawData\lofted\lofted_0058.avi,102,25,4.08,1280,720,True
lofted_0059.avi,lofted,Dataset\rawData\lofted\lofted_0059.avi,93,25,3.72,1280,720,True
lofted_0060.avi,lofted,Dataset\rawData\lofted\lofted_0060.avi,149,25,5.96,1280,720,True
lofted_0061.avi,lofted,Dataset\rawData\lofted\lofted_0061.avi,167,25,6.68,1280,720,True
lofted_0062.avi,lofted,Dataset\rawData\lofted\lofted_0062.avi,154,25,6.16,1280,720,True
lofted_0063.avi,lofted,Dataset\rawData\lofted\lofted_0063.avi,130,25,5.2,1280,720,True
lofted_0064.avi,lofted,Dataset\rawData\lofted\lofted_0064.avi,124,25,4.96,1280,720,True
lofted_0065.avi,lofted,Dataset\rawData\lofted\lofted_0065.avi,193,25,7.72,1280,720,True
lofted_0066.avi,lofted,Dataset\rawData\lofted\lofted_0066.avi,116,25,4.64,1280,720,True
lofted_0067.avi,lofted,Dataset\rawData\lofted\lofted_0067.avi,101,25,4.04,1280,720,True
lofted_0068.avi,lofted,Dataset\rawData\lofted\lofted_0068.avi,50,25,2.0,1280,720,True
lofted_0069.avi,lofted,Dataset\rawData\lofted\lofted_0069.avi,58,25,2.32,1280,720,True
lofted_0070.avi,lofted,Dataset\rawData\lofted\lofted_0070.avi,54,25,2.16,1280,720,True
lofted_0071.avi,lofted,Dataset\rawData\lofted\lofted_0071.avi,76,25,3.04,1280,720,True
lofted_0072.avi,lofted,Dataset\rawData\lofted\lofted_0072.avi,50,25,2.0,1280,720,True
lofted_0073.avi,lofted,Dataset\rawData\lofted\lofted_0073.avi,55,25,2.2,1280,720,True
lofted_0074.avi,lofted,Dataset\rawData\lofted\lofted_0074.avi,54,25,2.16,1280,720,True
lofted_0075.avi,lofted,Dataset\rawData\lofted\lofted_0075.avi,75,25,3.0,1280,720,True
lofted_0076.avi,lofted,Dataset\rawData\lofted\lofted_0076.avi,77,25,3.08,1280,720,True
lofted_0077.avi,lofted,Dataset\rawData\lofted\lofted_0077.avi,50,25,2.0,1280,720,True
lofted_0078.avi,lofted,Dataset\rawData\lofted\lofted_0078.avi,34,25,1.36,1280,720,True
lofted_0079.avi,lofted,Dataset\rawData\lofted\lofted_0079.avi,58,25,2.32,1280,720,True
lofted_0080.avi,lofted,Dataset\rawData\lofted\lofted_0080.avi,38,25,1.52,1280,720,True
lofted_0081.avi,lofted,Dataset\rawData\lofted\lofted_0081.avi,57,25,2.28,1280,720,True
lofted_0082.avi,lofted,Dataset\rawData\lofted\lofted_0082.avi,57,25,2.28,1280,720,True
lofted_0083.avi,lofted,Dataset\rawData\lofted\lofted_0083.avi,60,25,2.4,1280,720,True
lofted_0084.avi,lofted,Dataset\rawData\lofted\lofted_0084.avi,158,25,6.32,1280,720,True
lofted_0085.avi,lofted,Dataset\rawData\lofted\lofted_0085.avi,135,25,5.4,1280,720,True
lofted_0086.avi,lofted,Dataset\rawData\lofted\lofted_0086.avi,117,25,4.68,1280,720,True
lofted_0087.avi,lofted,Dataset\rawData\lofted\lofted_0087.avi,133,25,5.32,1280,720,True
lofted_0088.avi,lofted,Dataset\rawData\lofted\lofted_0088.avi,134,25,5.36,1280,720,True
lofted_0089.avi,lofted,Dataset\rawData\lofted\lofted_0089.avi,93,25,3.72,1280,720,True
lofted_0090.avi,lofted,Dataset\rawData\lofted\lofted_0090.avi,121,25,4.84,1280,720,True
lofted_0091.avi,lofted,Dataset\rawData\lofted\lofted_0091.avi,191,25,7.64,1280,720,True
lofted_0092.avi,lofted,Dataset\rawData\lofted\lofted_0092.avi,54,25,2.16,1280,720,True
lofted_0093.avi,lofted,Dataset\rawData\lofted\lofted_0093.avi,55,25,2.2,1280,720,True
lofted_0094.avi,lofted,Dataset\rawData\lofted\lofted_0094.avi,57,25,2.28,1280,720,True
lofted_0095.avi,lofted,Dataset\rawData\lofted\lofted_0095.avi,77,25,3.08,1280,720,True
lofted_0096.avi,lofted,Dataset\rawData\lofted\lofted_0096.avi,58,25,2.32,1280,720,True
lofted_0097.avi,lofted,Dataset\rawData\lofted\lofted_0097.avi,75,25,3.0,1280,720,True
lofted_0098.avi,lofted,Dataset\rawData\lofted\lofted_0098.avi,76,25,3.04,1280,720,True
lofted_0099.avi,lofted,Dataset\rawData\lofted\lofted_0099.avi,136,25,5.44,1280,720,True
lofted_0100.avi,lofted,Dataset\rawData\lofted\lofted_0100.avi,74,25,2.96,1280,720,True
lofted_0101.avi,lofted,Dataset\rawData\lofted\lofted_0101.avi,78,25,3.12,1280,720,True
lofted_0102.avi,lofted,Dataset\rawData\lofted\lofted_0102.avi,54,25,2.16,1280,720,True
lofted_0103.avi,lofted,Dataset\rawData\lofted\lofted_0103.avi,102,25,4.08,1280,720,True
lofted_0104.avi,lofted,Dataset\rawData\lofted\lofted_0104.avi,119,25,4.76,1280,720,True
lofted_0105.avi,lofted,Dataset\rawData\lofted\lofted_0105.avi,80,25,3.2,1280,720,True
lofted_0106.avi,lofted,Dataset\rawData\lofted\lofted_0106.avi,147,25,5.88,1280,720,True
lofted_0107.avi,lofted,Dataset\rawData\lofted\lofted_0107.avi,181,25,7.24,1280,720,True
lofted_0108.avi,lofted,Dataset\rawData\lofted\lofted_0108.avi,57,25,2.28,1280,720,True
lofted_0109.avi,lofted,Dataset\rawData\lofted\lofted_0109.avi,116,25,4.64,1280,720,True
lofted_0110.avi,lofted,Dataset\rawData\lofted\lofted_0110.avi,112,25,4.48,1280,720,True
lofted_0111.avi,lofted,Dataset\rawData\lofted\lofted_0111.avi,154,25,6.16,1280,720,True
lofted_0112.avi,lofted,Dataset\rawData\lofted\lofted_0112.avi,92,25,3.68,1280,720,True
lofted_0113.avi,lofted,Dataset\rawData\lofted\lofted_0113.avi,88,25,3.52,1280,720,True
lofted_0114.avi,lofted,Dataset\rawData\lofted\lofted_0114.avi,120,25,4.8,1280,720,True
lofted_0115.avi,lofted,Dataset\rawData\lofted\lofted_0115.avi,72,25,2.88,1280,720,True
lofted_0116.avi,lofted,Dataset\rawData\lofted\lofted_0116.avi,58,25,2.32,1280,720,True
lofted_0117.avi,lofted,Dataset\rawData\lofted\lofted_0117.avi,49,25,1.96,1280,720,True
lofted_0118.avi,lofted,Dataset\rawData\lofted\lofted_0118.avi,57,25,2.28,1280,720,True
lofted_0119.avi,lofted,Dataset\rawData\lofted\lofted_0119.avi,65,25,2.6,1280,720,True
lofted_0120.avi,lofted,Dataset\rawData\lofted\lofted_0120.avi,89,25,3.56,1280,720,True
lofted_0121.avi,lofted,Dataset\rawData\lofted\lofted_0121.avi,44,25,1.76,1280,720,True
lofted_0122.avi,lofted,Dataset\rawData\lofted\lofted_0122.avi,50,25,2.0,1280,720,True
lofted_0123.avi,lofted,Dataset\rawData\lofted\lofted_0123.avi,50,25,2.0,1280,720,True
lofted_0124.avi,lofted,Dataset\rawData\lofted\lofted_0124.avi,73,25,2.92,1280,720,True
lofted_0125.avi,lofted,Dataset\rawData\lofted\lofted_0125.avi,63,25,2.52,1280,720,True
lofted_0126.avi,lofted,Dataset\rawData\lofted\lofted_0126.avi,59,25,2.36,1280,720,True
lofted_0127.avi,lofted,Dataset\rawData\lofted\lofted_0127.avi,79,25,3.16,1280,720,True
lofted_0128.avi,lofted,Dataset\rawData\lofted\lofted_0128.avi,50,25,2.0,1280,720,True
lofted_0129.avi,lofted,Dataset\rawData\lofted\lofted_0129.avi,75,25,3.0,1280,720,True
lofted_0130.avi,lofted,Dataset\rawData\lofted\lofted_0130.avi,54,25,2.16,1280,720,True
lofted_0131.avi,lofted,Dataset\rawData\lofted\lofted_0131.avi,58,25,2.32,1280,720,True
lofted_0132.avi,lofted,Dataset\rawData\lofted\lofted_0132.avi,73,25,2.92,1280,720,True
lofted_0133.avi,lofted,Dataset\rawData\lofted\lofted_0133.avi,61,25,2.44,1280,720,True
lofted_0134.avi,lofted,Dataset\rawData\lofted\lofted_0134.avi,55,25,2.2,1280,720,True
lofted_0135.avi,lofted,Dataset\rawData\lofted\lofted_0135.avi,59,25,2.36,1280,720,True
lofted_0136.avi,lofted,Dataset\rawData\lofted\lofted_0136.avi,51,25,2.04,1280,720,True
lofted_0137.avi,lofted,Dataset\rawData\lofted\lofted_0137.avi,55,25,2.2,1280,720,True
lofted_0138.avi,lofted,Dataset\rawData\lofted\lofted_0138.avi,75,25,3.0,1280,720,True
lofted_0139.avi,lofted,Dataset\rawData\lofted\lofted_0139.avi,81,25,3.24,1280,720,True
lofted_0140.avi,lofted,Dataset\rawData\lofted\lofted_0140.avi,68,25,2.72,1280,720,True
lofted_0141.avi,lofted,Dataset\rawData\lofted\lofted_0141.avi,77,25,3.08,1280,720,True
lofted_0142.avi,lofted,Dataset\rawData\lofted\lofted_0142.avi,55,25,2.2,1280,720,True
lofted_0143.avi,lofted,Dataset\rawData\lofted\lofted_0143.avi,82,25,3.28,1280,720,True
lofted_0144.avi,lofted,Dataset\rawData\lofted\lofted_0144.avi,97,25,3.88,1280,720,True
lofted_0145.avi,lofted,Dataset\rawData\lofted\lofted_0145.avi,94,25,3.76,1280,720,True
lofted_0146.avi,lofted,Dataset\rawData\lofted\lofted_0146.avi,78,25,3.12,1280,720,True
lofted_0147.avi,lofted,Dataset\rawData\lofted\lofted_0147.avi,56,25,2.24,1280,720,True
lofted_0148.avi,lofted,Dataset\rawData\lofted\lofted_0148.avi,115,25,4.6,1280,720,True
lofted_0149.avi,lofted,Dataset\rawData\lofted\lofted_0149.avi,55,25,2.2,1280,720,True
lofted_0150.avi,lofted,Dataset\rawData\lofted\lofted_0150.avi,96,25,3.84,1280,720,True
lofted_0151.avi,lofted,Dataset\rawData\lofted\lofted_0151.avi,82,25,3.28,1280,720,True
lofted_0152.avi,lofted,Dataset\rawData\lofted\lofted_0152.avi,89,25,3.56,1280,720,True
lofted_0153.avi,lofted,Dataset\rawData\lofted\lofted_0153.avi,100,25,4.0,1280,720,True
lofted_0154.avi,lofted,Dataset\rawData\lofted\lofted_0154.avi,100,25,4.0,1280,720,True
lofted_0155.avi,lofted,Dataset\rawData\lofted\lofted_0155.avi,70,25,2.8,1280,720,True
lofted_0156.avi,lofted,Dataset\rawData\lofted\lofted_0156.avi,75,25,3.0,1280,720,True
lofted_0157.avi,lofted,Dataset\rawData\lofted\lofted_0157.avi,85,25,3.4,1280,720,True
lofted_0158.avi,lofted,Dataset\rawData\lofted\lofted_0158.avi,106,25,4.24,1280,720,True
lofted_0159.avi,lofted,Dataset\rawData\lofted\lofted_0159.avi,55,25,2.2,1280,720,True
lofted_0160.avi,lofted,Dataset\rawData\lofted\lofted_0160.avi,106,25,4.24,1280,720,True
lofted_0161.avi,lofted,Dataset\rawData\lofted\lofted_0161.avi,111,25,4.44,1280,720,True
lofted_0162.avi,lofted,Dataset\rawData\lofted\lofted_0162.avi,165,25,6.6,1280,720,True
lofted_0163.avi,lofted,Dataset\rawData\lofted\lofted_0163.avi,101,25,4.04,1280,720,True
lofted_0164.avi,lofted,Dataset\rawData\lofted\lofted_0164.avi,136,25,5.44,1280,720,True
lofted_0165.avi,lofted,Dataset\rawData\lofted\lofted_0165.avi,163,25,6.52,1280,720,True
lofted_0166.avi,lofted,Dataset\rawData\lofted\lofted_0166.avi,146,25,5.84,1280,720,True
lofted_0167.avi,lofted,Dataset\rawData\lofted\lofted_0167.avi,143,25,5.72,1280,720,True
lofted_0168.avi,lofted,Dataset\rawData\lofted\lofted_0168.avi,117,25,4.68,1280,720,True
lofted_0169.avi,lofted,Dataset\rawData\lofted\lofted_0169.avi,191,29,6.586206896551724,1280,720,True
lofted_0170.avi,lofted,Dataset\rawData\lofted\lofted_0170.avi,229,29,7.896551724137931,1280,720,True
lofted_0171.avi,lofted,Dataset\rawData\lofted\lofted_0171.avi,140,29,4.827586206896552,1280,720,True
lofted_0172.avi,lofted,Dataset\rawData\lofted\lofted_0172.avi,147,25,5.88,1280,720,True
lofted_0173.avi,lofted,Dataset\rawData\lofted\lofted_0173.avi,117,25,4.68,1280,720,True
lofted_0174.avi,lofted,Dataset\rawData\lofted\lofted_0174.avi,122,25,4.88,1280,720,True
lofted_0175.avi,lofted,Dataset\rawData\lofted\lofted_0175.avi,118,25,4.72,1280,720,True
lofted_0176.avi,lofted,Dataset\rawData\lofted\lofted_0176.avi,193,25,7.72,1280,720,True
lofted_0177.avi,lofted,Dataset\rawData\lofted\lofted_0177.avi,115,25,4.6,1280,720,True
lofted_0178.avi,lofted,Dataset\rawData\lofted\lofted_0178.avi,148,25,5.92,1280,720,True
lofted_0179.avi,lofted,Dataset\rawData\lofted\lofted_0179.avi,117,25,4.68,1280,720,True
lofted_0180.avi,lofted,Dataset\rawData\lofted\lofted_0180.avi,55,25,2.2,1280,720,True
lofted_0181.avi,lofted,Dataset\rawData\lofted\lofted_0181.avi,81,25,3.24,1280,720,True
lofted_0182.avi,lofted,Dataset\rawData\lofted\lofted_0182.avi,77,25,3.08,1280,720,True
lofted_0183.avi,lofted,Dataset\rawData\lofted\lofted_0183.avi,83,25,3.32,1280,720,True
lofted_0184.avi,lofted,Dataset\rawData\lofted\lofted_0184.avi,59,25,2.36,1280,720,True
lofted_0185.avi,lofted,Dataset\rawData\lofted\lofted_0185.avi,80,25,3.2,1280,720,True
lofted_0186.avi,lofted,Dataset\rawData\lofted\lofted_0186.avi,125,25,5.0,1280,720,True
lofted_0187.avi,lofted,Dataset\rawData\lofted\lofted_0187.avi,88,25,3.52,1280,720,True
lofted_0188.avi,lofted,Dataset\rawData\lofted\lofted_0188.avi,90,25,3.6,1280,720,True
lofted_0189.avi,lofted,Dataset\rawData\lofted\lofted_0189.avi,78,25,3.12,1280,720,True
lofted_0190.avi,lofted,Dataset\rawData\lofted\lofted_0190.avi,77,25,3.08,1280,720,True
lofted_0191.avi,lofted,Dataset\rawData\lofted\lofted_0191.avi,77,25,3.08,1280,720,True
lofted_0192.avi,lofted,Dataset\rawData\lofted\lofted_0192.avi,51,25,2.04,1280,720,True
lofted_0193.avi,lofted,Dataset\rawData\lofted\lofted_0193.avi,125,25,5.0,1280,720,True
lofted_0194.avi,lofted,Dataset\rawData\lofted\lofted_0194.avi,149,25,5.96,1280,720,True
lofted_0195.avi,lofted,Dataset\rawData\lofted\lofted_0195.avi,114,25,4.56,1280,720,True
lofted_0196.avi,lofted,Dataset\rawData\lofted\lofted_0196.avi,125,25,5.0,1280,720,True
lofted_0197.avi,lofted,Dataset\rawData\lofted\lofted_0197.avi,138,25,5.52,1280,720,True
lofted_0198.avi,lofted,Dataset\rawData\lofted\lofted_0198.avi,130,25,5.2,1280,720,True
pull_0001.avi,pull,Dataset\rawData\pull\pull_0001.avi,50,25,2.0,1280,720,True
pull_0002.avi,pull,Dataset\rawData\pull\pull_0002.avi,50,25,2.0,1280,720,True
pull_0003.avi,pull,Dataset\rawData\pull\pull_0003.avi,50,25,2.0,1280,720,True
pull_0004.avi,pull,Dataset\rawData\pull\pull_0004.avi,51,25,2.04,1280,720,True
pull_0005.avi,pull,Dataset\rawData\pull\pull_0005.avi,51,25,2.04,1280,720,True
pull_0006.avi,pull,Dataset\rawData\pull\pull_0006.avi,45,25,1.8,1280,720,True
pull_0007.avi,pull,Dataset\rawData\pull\pull_0007.avi,49,25,1.96,1280,720,True
pull_0008.avi,pull,Dataset\rawData\pull\pull_0008.avi,50,25,2.0,1280,720,True
pull_0009.avi,pull,Dataset\rawData\pull\pull_0009.avi,50,25,2.0,1280,720,True
pull_0010.avi,pull,Dataset\rawData\pull\pull_0010.avi,50,25,2.0,1280,720,True
pull_0011.avi,pull,Dataset\rawData\pull\pull_0011.avi,50,25,2.0,1280,720,True
pull_0012.avi,pull,Dataset\rawData\pull\pull_0012.avi,50,25,2.0,1280,720,True
pull_0013.avi,pull,Dataset\rawData\pull\pull_0013.avi,55,25,2.2,1280,720,True
pull_0014.avi,pull,Dataset\rawData\pull\pull_0014.avi,50,25,2.0,1280,720,True
pull_0015.avi,pull,Dataset\rawData\pull\pull_0015.avi,48,25,1.92,1280,720,True
pull_0016.avi,pull,Dataset\rawData\pull\pull_0016.avi,46,25,1.84,1280,720,True
pull_0017.avi,pull,Dataset\rawData\pull\pull_0017.avi,50,25,2.0,1280,720,True
pull_0018.avi,pull,Dataset\rawData\pull\pull_0018.avi,65,25,2.6,1280,720,True
pull_0019.avi,pull,Dataset\rawData\pull\pull_0019.avi,50,25,2.0,1280,720,True
pull_0020.avi,pull,Dataset\rawData\pull\pull_0020.avi,54,25,2.16,1280,720,True
pull_0021.avi,pull,Dataset\rawData\pull\pull_0021.avi,56,25,2.24,1280,720,True
pull_0022.avi,pull,Dataset\rawData\pull\pull_0022.avi,47,25,1.88,1280,720,True
pull_0023.avi,pull,Dataset\rawData\pull\pull_0023.avi,41,25,1.64,1280,720,True
pull_0024.avi,pull,Dataset\rawData\pull\pull_0024.avi,45,25,1.8,1280,720,True
pull_0025.avi,pull,Dataset\rawData\pull\pull_0025.avi,42,25,1.68,1280,720,True
pull_0026.avi,pull,Dataset\rawData\pull\pull_0026.avi,36,25,1.44,1280,720,True
pull_0027.avi,pull,Dataset\rawData\pull\pull_0027.avi,51,25,2.04,1280,720,True
pull_0028.avi,pull,Dataset\rawData\pull\pull_0028.avi,34,25,1.36,1280,720,True
pull_0029.avi,pull,Dataset\rawData\pull\pull_0029.avi,40,25,1.6,1280,720,True
pull_0030.avi,pull,Dataset\rawData\pull\pull_0030.avi,51,25,2.04,1280,720,True
pull_0031.avi,pull,Dataset\rawData\pull\pull_0031.avi,35,25,1.4,1280,720,True
pull_0032.avi,pull,Dataset\rawData\pull\pull_0032.avi,35,25,1.4,1280,720,True
pull_0033.avi,pull,Dataset\rawData\pull\pull_0033.avi,57,25,2.28,1280,720,True
pull_0034.avi,pull,Dataset\rawData\pull\pull_0034.avi,40,25,1.6,1280,720,True
pull_0035.avi,pull,Dataset\rawData\pull\pull_0035.avi,49,25,1.96,1280,720,True
pull_0036.avi,pull,Dataset\rawData\pull\pull_0036.avi,50,25,2.0,1280,720,True
pull_0037.avi,pull,Dataset\rawData\pull\pull_0037.avi,30,25,1.2,1280,720,True
pull_0038.avi,pull,Dataset\rawData\pull\pull_0038.avi,46,25,1.84,1280,720,True
pull_0039.avi,pull,Dataset\rawData\pull\pull_0039.avi,55,25,2.2,1280,720,True
pull_0040.avi,pull,Dataset\rawData\pull\pull_0040.avi,92,25,3.68,1280,720,True
pull_0041.avi,pull,Dataset\rawData\pull\pull_0041.avi,49,25,1.96,1280,720,True
pull_0042.avi,pull,Dataset\rawData\pull\pull_0042.avi,54,25,2.16,1280,720,True
pull_0043.avi,pull,Dataset\rawData\pull\pull_0043.avi,50,25,2.0,1280,720,True
pull_0044.avi,pull,Dataset\rawData\pull\pull_0044.avi,40,25,1.6,1280,720,True
pull_0045.avi,pull,Dataset\rawData\pull\pull_0045.avi,70,25,2.8,1280,720,True
pull_0046.avi,pull,Dataset\rawData\pull\pull_0046.avi,35,25,1.4,1280,720,True
pull_0047.avi,pull,Dataset\rawData\pull\pull_0047.avi,55,25,2.2,1280,720,True
pull_0048.avi,pull,Dataset\rawData\pull\pull_0048.avi,50,25,2.0,1280,720,True
pull_0049.avi,pull,Dataset\rawData\pull\pull_0049.avi,51,25,2.04,1280,720,True
pull_0050.avi,pull,Dataset\rawData\pull\pull_0050.avi,50,25,2.0,1280,720,True
pull_0051.avi,pull,Dataset\rawData\pull\pull_0051.avi,70,25,2.8,1280,720,True
pull_0052.avi,pull,Dataset\rawData\pull\pull_0052.avi,36,25,1.44,1280,720,True
pull_0053.avi,pull,Dataset\rawData\pull\pull_0053.avi,50,25,2.0,1280,720,True
pull_0054.avi,pull,Dataset\rawData\pull\pull_0054.avi,43,25,1.72,1280,720,True
pull_0055.avi,pull,Dataset\rawData\pull\pull_0055.avi,54,25,2.16,1280,720,True
pull_0056.avi,pull,Dataset\rawData\pull\pull_0056.avi,49,25,1.96,1280,720,True
pull_0057.avi,pull,Dataset\rawData\pull\pull_0057.avi,50,25,2.0,1280,720,True
pull_0058.avi,pull,Dataset\rawData\pull\pull_0058.avi,59,25,2.36,1280,720,True
pull_0059.avi,pull,Dataset\rawData\pull\pull_0059.avi,52,25,2.08,1280,720,True
pull_0060.avi,pull,Dataset\rawData\pull\pull_0060.avi,50,25,2.0,1280,720,True
pull_0061.avi,pull,Dataset\rawData\pull\pull_0061.avi,49,25,1.96,1280,720,True
pull_0062.avi,pull,Dataset\rawData\pull\pull_0062.avi,47,25,1.88,1280,720,True
pull_0063.avi,pull,Dataset\rawData\pull\pull_0063.avi,50,25,2.0,1280,720,True
pull_0064.avi,pull,Dataset\rawData\pull\pull_0064.avi,50,25,2.0,1280,720,True
pull_0065.avi,pull,Dataset\rawData\pull\pull_0065.avi,50,25,2.0,1280,720,True
pull_0066.avi,pull,Dataset\rawData\pull\pull_0066.avi,51,25,2.04,1280,720,True
pull_0067.avi,pull,Dataset\rawData\pull\pull_0067.avi,58,25,2.32,1280,720,True
pull_0068.avi,pull,Dataset\rawData\pull\pull_0068.avi,63,25,2.52,1280,720,True
pull_0069.avi,pull,Dataset\rawData\pull\pull_0069.avi,45,25,1.8,1280,720,True
pull_0070.avi,pull,Dataset\rawData\pull\pull_0070.avi,50,25,2.0,1280,720,True
pull_0071.avi,pull,Dataset\rawData\pull\pull_0071.avi,50,25,2.0,1280,720,True
pull_0072.avi,pull,Dataset\rawData\pull\pull_0072.avi,50,25,2.0,1280,720,True
pull_0073.avi,pull,Dataset\rawData\pull\pull_0073.avi,57,25,2.28,1280,720,True
pull_0074.avi,pull,Dataset\rawData\pull\pull_0074.avi,50,25,2.0,1280,720,True
pull_0075.avi,pull,Dataset\rawData\pull\pull_0075.avi,50,25,2.0,1280,720,True
pull_0076.avi,pull,Dataset\rawData\pull\pull_0076.avi,56,25,2.24,1280,720,True
pull_0077.avi,pull,Dataset\rawData\pull\pull_0077.avi,50,25,2.0,1280,720,True
pull_0078.avi,pull,Dataset\rawData\pull\pull_0078.avi,59,25,2.36,1280,720,True
pull_0079.avi,pull,Dataset\rawData\pull\pull_0079.avi,55,25,2.2,1280,720,True
pull_0080.avi,pull,Dataset\rawData\pull\pull_0080.avi,58,25,2.32,1280,720,True
pull_0081.avi,pull,Dataset\rawData\pull\pull_0081.avi,50,25,2.0,1280,720,True
pull_0082.avi,pull,Dataset\rawData\pull\pull_0082.avi,50,25,2.0,1280,720,True
pull_0083.avi,pull,Dataset\rawData\pull\pull_0083.avi,55,25,2.2,1280,720,True
pull_0084.avi,pull,Dataset\rawData\pull\pull_0084.avi,115,25,4.6,1280,720,True
pull_0085.avi,pull,Dataset\rawData\pull\pull_0085.avi,126,25,5.04,1280,720,True
pull_0086.avi,pull,Dataset\rawData\pull\pull_0086.avi,107,25,4.28,1280,720,True
pull_0087.avi,pull,Dataset\rawData\pull\pull_0087.avi,53,25,2.12,1280,720,True
pull_0088.avi,pull,Dataset\rawData\pull\pull_0088.avi,50,25,2.0,1280,720,True
pull_0089.avi,pull,Dataset\rawData\pull\pull_0089.avi,50,25,2.0,1280,720,True
pull_0090.avi,pull,Dataset\rawData\pull\pull_0090.avi,50,25,2.0,1280,720,True
pull_0091.avi,pull,Dataset\rawData\pull\pull_0091.avi,55,25,2.2,1280,720,True
pull_0092.avi,pull,Dataset\rawData\pull\pull_0092.avi,50,25,2.0,1280,720,True
pull_0093.avi,pull,Dataset\rawData\pull\pull_0093.avi,50,25,2.0,1280,720,True
pull_0094.avi,pull,Dataset\rawData\pull\pull_0094.avi,55,25,2.2,1280,720,True
pull_0095.avi,pull,Dataset\rawData\pull\pull_0095.avi,45,25,1.8,1280,720,True
pull_0096.avi,pull,Dataset\rawData\pull\pull_0096.avi,50,25,2.0,1280,720,True
pull_0097.avi,pull,Dataset\rawData\pull\pull_0097.avi,53,25,2.12,1280,720,True
pull_0098.avi,pull,Dataset\rawData\pull\pull_0098.avi,50,25,2.0,1280,720,True
pull_0099.avi,pull,Dataset\rawData\pull\pull_0099.avi,59,25,2.36,1280,720,True
pull_0100.avi,pull,Dataset\rawData\pull\pull_0100.avi,48,25,1.92,1280,720,True
pull_0101.avi,pull,Dataset\rawData\pull\pull_0101.avi,56,25,2.24,1280,720,True
pull_0102.avi,pull,Dataset\rawData\pull\pull_0102.avi,48,25,1.92,1280,720,True
pull_0103.avi,pull,Dataset\rawData\pull\pull_0103.avi,49,25,1.96,1280,720,True
pull_0104.avi,pull,Dataset\rawData\pull\pull_0104.avi,50,25,2.0,1280,720,True
pull_0105.avi,pull,Dataset\rawData\pull\pull_0105.avi,55,25,2.2,1280,720,True
pull_0106.avi,pull,Dataset\rawData\pull\pull_0106.avi,50,25,2.0,1280,720,True
pull_0107.avi,pull,Dataset\rawData\pull\pull_0107.avi,50,25,2.0,1280,720,True
pull_0108.avi,pull,Dataset\rawData\pull\pull_0108.avi,45,25,1.8,1280,720,True
pull_0109.avi,pull,Dataset\rawData\pull\pull_0109.avi,50,25,2.0,1280,720,True
pull_0110.avi,pull,Dataset\rawData\pull\pull_0110.avi,50,25,2.0,1280,720,True
pull_0111.avi,pull,Dataset\rawData\pull\pull_0111.avi,51,25,2.04,1280,720,True
pull_0112.avi,pull,Dataset\rawData\pull\pull_0112.avi,55,25,2.2,1280,720,True
pull_0113.avi,pull,Dataset\rawData\pull\pull_0113.avi,50,25,2.0,1280,720,True
pull_0114.avi,pull,Dataset\rawData\pull\pull_0114.avi,50,25,2.0,1280,720,True
pull_0115.avi,pull,Dataset\rawData\pull\pull_0115.avi,45,25,1.8,1280,720,True
pull_0116.avi,pull,Dataset\rawData\pull\pull_0116.avi,54,25,2.16,1280,720,True
pull_0117.avi,pull,Dataset\rawData\pull\pull_0117.avi,43,25,1.72,1280,720,True
pull_0118.avi,pull,Dataset\rawData\pull\pull_0118.avi,47,25,1.88,1280,720,True
pull_0119.avi,pull,Dataset\rawData\pull\pull_0119.avi,40,25,1.6,1280,720,True
pull_0120.avi,pull,Dataset\rawData\pull\pull_0120.avi,48,25,1.92,1280,720,True
pull_0121.avi,pull,Dataset\rawData\pull\pull_0121.avi,50,25,2.0,1280,720,True
pull_0122.avi,pull,Dataset\rawData\pull\pull_0122.avi,50,25,2.0,1280,720,True
pull_0123.avi,pull,Dataset\rawData\pull\pull_0123.avi,42,25,1.68,1280,720,True
pull_0124.avi,pull,Dataset\rawData\pull\pull_0124.avi,43,25,1.72,1280,720,True
pull_0125.avi,pull,Dataset\rawData\pull\pull_0125.avi,31,25,1.24,1280,720,True
pull_0126.avi,pull,Dataset\rawData\pull\pull_0126.avi,51,25,2.04,1280,720,True
pull_0127.avi,pull,Dataset\rawData\pull\pull_0127.avi,42,25,1.68,1280,720,True
pull_0128.avi,pull,Dataset\rawData\pull\pull_0128.avi,43,25,1.72,1280,720,True
pull_0129.avi,pull,Dataset\rawData\pull\pull_0129.avi,47,25,1.88,1280,720,True
pull_0130.avi,pull,Dataset\rawData\pull\pull_0130.avi,45,25,1.8,1280,720,True
pull_0131.avi,pull,Dataset\rawData\pull\pull_0131.avi,49,25,1.96,1280,720,True
pull_0132.avi,pull,Dataset\rawData\pull\pull_0132.avi,71,25,2.84,1280,720,True
pull_0133.avi,pull,Dataset\rawData\pull\pull_0133.avi,50,25,2.0,1280,720,True
pull_0134.avi,pull,Dataset\rawData\pull\pull_0134.avi,50,25,2.0,1280,720,True
pull_0135.avi,pull,Dataset\rawData\pull\pull_0135.avi,51,25,2.04,1280,720,True
pull_0136.avi,pull,Dataset\rawData\pull\pull_0136.avi,60,25,2.4,1280,720,True
pull_0137.avi,pull,Dataset\rawData\pull\pull_0137.avi,51,25,2.04,1280,720,True
pull_0138.avi,pull,Dataset\rawData\pull\pull_0138.avi,70,25,2.8,1280,720,True
pull_0139.avi,pull,Dataset\rawData\pull\pull_0139.avi,38,25,1.52,1280,720,True
pull_0140.avi,pull,Dataset\rawData\pull\pull_0140.avi,35,25,1.4,1280,720,True
pull_0141.avi,pull,Dataset\rawData\pull\pull_0141.avi,38,25,1.52,1280,720,True
pull_0142.avi,pull,Dataset\rawData\pull\pull_0142.avi,41,25,1.64,1280,720,True
pull_0143.avi,pull,Dataset\rawData\pull\pull_0143.avi,39,25,1.56,1280,720,True
pull_0144.avi,pull,Dataset\rawData\pull\pull_0144.avi,50,25,2.0,1280,720,True
pull_0145.avi,pull,Dataset\rawData\pull\pull_0145.avi,69,25,2.76,1280,720,True
pull_0146.avi,pull,Dataset\rawData\pull\pull_0146.avi,35,25,1.4,1280,720,True
pull_0147.avi,pull,Dataset\rawData\pull\pull_0147.avi,32,25,1.28,1280,720,True
pull_0148.avi,pull,Dataset\rawData\pull\pull_0148.avi,75,25,3.0,1280,720,True
pull_0149.avi,pull,Dataset\rawData\pull\pull_0149.avi,27,25,1.08,1280,720,True
pull_0150.avi,pull,Dataset\rawData\pull\pull_0150.avi,46,25,1.84,1280,720,True
pull_0151.avi,pull,Dataset\rawData\pull\pull_0151.avi,75,25,3.0,1280,720,True
pull_0152.avi,pull,Dataset\rawData\pull\pull_0152.avi,73,25,2.92,1280,720,True
pull_0153.avi,pull,Dataset\rawData\pull\pull_0153.avi,40,25,1.6,1280,720,True
pull_0154.avi,pull,Dataset\rawData\pull\pull_0154.avi,42,25,1.68,1280,720,True
pull_0155.avi,pull,Dataset\rawData\pull\pull_0155.avi,50,25,2.0,1280,720,True
pull_0156.avi,pull,Dataset\rawData\pull\pull_0156.avi,75,25,3.0,1280,720,True
pull_0157.avi,pull,Dataset\rawData\pull\pull_0157.avi,37,25,1.48,1280,720,True
pull_0158.avi,pull,Dataset\rawData\pull\pull_0158.avi,34,25,1.36,1280,720,True
pull_0159.avi,pull,Dataset\rawData\pull\pull_0159.avi,73,25,2.92,1280,720,True
pull_0160.avi,pull,Dataset\rawData\pull\pull_0160.avi,42,25,1.68,1280,720,True
pull_0161.avi,pull,Dataset\rawData\pull\pull_0161.avi,39,25,1.56,1280,720,True
pull_0162.avi,pull,Dataset\rawData\pull\pull_0162.avi,42,25,1.68,1280,720,True
pull_0163.avi,pull,Dataset\rawData\pull\pull_0163.avi,71,25,2.84,1280,720,True
pull_0164.avi,pull,Dataset\rawData\pull\pull_0164.avi,40,25,1.6,1280,720,True
pull_0165.avi,pull,Dataset\rawData\pull\pull_0165.avi,59,25,2.36,1280,720,True
pull_0166.avi,pull,Dataset\rawData\pull\pull_0166.avi,50,25,2.0,1280,720,True
pull_0167.avi,pull,Dataset\rawData\pull\pull_0167.avi,57,25,2.28,1280,720,True
pull_0168.avi,pull,Dataset\rawData\pull\pull_0168.avi,32,25,1.28,1280,720,True
pull_0169.avi,pull,Dataset\rawData\pull\pull_0169.avi,43,25,1.72,1280,720,True
pull_0170.avi,pull,Dataset\rawData\pull\pull_0170.avi,29,25,1.16,1280,720,True
pull_0171.avi,pull,Dataset\rawData\pull\pull_0171.avi,37,25,1.48,1280,720,True
pull_0172.avi,pull,Dataset\rawData\pull\pull_0172.avi,51,25,2.04,1280,720,True
pull_0173.avi,pull,Dataset\rawData\pull\pull_0173.avi,34,25,1.36,1280,720,True
pull_0174.avi,pull,Dataset\rawData\pull\pull_0174.avi,32,25,1.28,1280,720,True
pull_0175.avi,pull,Dataset\rawData\pull\pull_0175.avi,49,25,1.96,1280,720,True
pull_0176.avi,pull,Dataset\rawData\pull\pull_0176.avi,35,25,1.4,1280,720,True
pull_0177.avi,pull,Dataset\rawData\pull\pull_0177.avi,46,25,1.84,1280,720,True
pull_0178.avi,pull,Dataset\rawData\pull\pull_0178.avi,34,25,1.36,1280,720,True
pull_0179.avi,pull,Dataset\rawData\pull\pull_0179.avi,50,25,2.0,1280,720,True
square_cut_0001.avi,square_cut,Dataset\rawData\square_cut\square_cut_0001.avi,54,25,2.16,1280,720,True
square_cut_0002.avi,square_cut,Dataset\rawData\square_cut\square_cut_0002.avi,58,25,2.32,1280,720,True
square_cut_0003.avi,square_cut,Dataset\rawData\square_cut\square_cut_0003.avi,53,25,2.12,1280,720,True
square_cut_0004.avi,square_cut,Dataset\rawData\square_cut\square_cut_0004.avi,54,25,2.16,1280,720,True
square_cut_0005.avi,square_cut,Dataset\rawData\square_cut\square_cut_0005.avi,59,25,2.36,1280,720,True
square_cut_0006.avi,square_cut,Dataset\rawData\square_cut\square_cut_0006.avi,51,25,2.04,1280,720,True
square_cut_0007.avi,square_cut,Dataset\rawData\square_cut\square_cut_0007.avi,56,25,2.24,1280,720,True
square_cut_0008.avi,square_cut,Dataset\rawData\square_cut\square_cut_0008.avi,50,25,2.0,1280,720,True
square_cut_0009.avi,square_cut,Dataset\rawData\square_cut\square_cut_0009.avi,50,25,2.0,1280,720,True
square_cut_0010.avi,square_cut,Dataset\rawData\square_cut\square_cut_0010.avi,58,25,2.32,1280,720,True
square_cut_0011.avi,square_cut,Dataset\rawData\square_cut\square_cut_0011.avi,60,25,2.4,1280,720,True
square_cut_0012.avi,square_cut,Dataset\rawData\square_cut\square_cut_0012.avi,50,25,2.0,1280,720,True
square_cut_0013.avi,square_cut,Dataset\rawData\square_cut\square_cut_0013.avi,50,25,2.0,1280,720,True
square_cut_0014.avi,square_cut,Dataset\rawData\square_cut\square_cut_0014.avi,50,25,2.0,1280,720,True
square_cut_0015.avi,square_cut,Dataset\rawData\square_cut\square_cut_0015.avi,60,25,2.4,1280,720,True
square_cut_0016.avi,square_cut,Dataset\rawData\square_cut\square_cut_0016.avi,64,25,2.56,1280,720,True
square_cut_0017.avi,square_cut,Dataset\rawData\square_cut\square_cut_0017.avi,60,25,2.4,1280,720,True
square_cut_0018.avi,square_cut,Dataset\rawData\square_cut\square_cut_0018.avi,50,25,2.0,1280,720,True
square_cut_0019.avi,square_cut,Dataset\rawData\square_cut\square_cut_0019.avi,55,25,2.2,1280,720,True
square_cut_0020.avi,square_cut,Dataset\rawData\square_cut\square_cut_0020.avi,60,25,2.4,1280,720,True
square_cut_0021.avi,square_cut,Dataset\rawData\square_cut\square_cut_0021.avi,60,25,2.4,1280,720,True
square_cut_0022.avi,square_cut,Dataset\rawData\square_cut\square_cut_0022.avi,64,25,2.56,1280,720,True
square_cut_0023.avi,square_cut,Dataset\rawData\square_cut\square_cut_0023.avi,50,25,2.0,1280,720,True
square_cut_0024.avi,square_cut,Dataset\rawData\square_cut\square_cut_0024.avi,104,25,4.16,1280,720,True
square_cut_0025.avi,square_cut,Dataset\rawData\square_cut\square_cut_0025.avi,110,25,4.4,1280,720,True
square_cut_0026.avi,square_cut,Dataset\rawData\square_cut\square_cut_0026.avi,142,25,5.68,1280,720,True
square_cut_0027.avi,square_cut,Dataset\rawData\square_cut\square_cut_0027.avi,96,25,3.84,1280,720,True
square_cut_0028.avi,square_cut,Dataset\rawData\square_cut\square_cut_0028.avi,60,25,2.4,1280,720,True
square_cut_0029.avi,square_cut,Dataset\rawData\square_cut\square_cut_0029.avi,60,25,2.4,1280,720,True
square_cut_0030.avi,square_cut,Dataset\rawData\square_cut\square_cut_0030.avi,46,25,1.84,1280,720,True
square_cut_0031.avi,square_cut,Dataset\rawData\square_cut\square_cut_0031.avi,63,25,2.52,1280,720,True
square_cut_0032.avi,square_cut,Dataset\rawData\square_cut\square_cut_0032.avi,56,25,2.24,1280,720,True
square_cut_0033.avi,square_cut,Dataset\rawData\square_cut\square_cut_0033.avi,62,25,2.48,1280,720,True
square_cut_0034.avi,square_cut,Dataset\rawData\square_cut\square_cut_0034.avi,60,25,2.4,1280,720,True
square_cut_0035.avi,square_cut,Dataset\rawData\square_cut\square_cut_0035.avi,58,25,2.32,1280,720,True
square_cut_0036.avi,square_cut,Dataset\rawData\square_cut\square_cut_0036.avi,50,25,2.0,1280,720,True
square_cut_0037.avi,square_cut,Dataset\rawData\square_cut\square_cut_0037.avi,50,25,2.0,1280,720,True
square_cut_0038.avi,square_cut,Dataset\rawData\square_cut\square_cut_0038.avi,50,25,2.0,640,480,True
square_cut_0039.avi,square_cut,Dataset\rawData\square_cut\square_cut_0039.avi,45,25,1.8,640,480,True
square_cut_0040.avi,square_cut,Dataset\rawData\square_cut\square_cut_0040.avi,50,25,2.0,1280,720,True
square_cut_0041.avi,square_cut,Dataset\rawData\square_cut\square_cut_0041.avi,60,25,2.4,1280,720,True
square_cut_0042.avi,square_cut,Dataset\rawData\square_cut\square_cut_0042.avi,51,25,2.04,1280,720,True
square_cut_0043.avi,square_cut,Dataset\rawData\square_cut\square_cut_0043.avi,51,25,2.04,1280,720,True
square_cut_0044.avi,square_cut,Dataset\rawData\square_cut\square_cut_0044.avi,63,25,2.52,1280,720,True
square_cut_0045.avi,square_cut,Dataset\rawData\square_cut\square_cut_0045.avi,51,25,2.04,1280,720,True
square_cut_0046.avi,square_cut,Dataset\rawData\square_cut\square_cut_0046.avi,60,25,2.4,1280,720,True
square_cut_0047.avi,square_cut,Dataset\rawData\square_cut\square_cut_0047.avi,54,25,2.16,1280,720,True
square_cut_0048.avi,square_cut,Dataset\rawData\square_cut\square_cut_0048.avi,55,25,2.2,1280,720,True
square_cut_0049.avi,square_cut,Dataset\rawData\square_cut\square_cut_0049.avi,54,25,2.16,1280,720,True
square_cut_0050.avi,square_cut,Dataset\rawData\square_cut\square_cut_0050.avi,63,25,2.52,1280,720,True
square_cut_0051.avi,square_cut,Dataset\rawData\square_cut\square_cut_0051.avi,50,25,2.0,1280,720,True
square_cut_0052.avi,square_cut,Dataset\rawData\square_cut\square_cut_0052.avi,68,25,2.72,1280,720,True
square_cut_0053.avi,square_cut,Dataset\rawData\square_cut\square_cut_0053.avi,58,25,2.32,1280,720,True
square_cut_0054.avi,square_cut,Dataset\rawData\square_cut\square_cut_0054.avi,51,25,2.04,1280,720,True
square_cut_0055.avi,square_cut,Dataset\rawData\square_cut\square_cut_0055.avi,43,25,1.72,1280,720,True
square_cut_0056.avi,square_cut,Dataset\rawData\square_cut\square_cut_0056.avi,53,25,2.12,1280,720,True
square_cut_0057.avi,square_cut,Dataset\rawData\square_cut\square_cut_0057.avi,50,25,2.0,1280,720,True
square_cut_0058.avi,square_cut,Dataset\rawData\square_cut\square_cut_0058.avi,50,25,2.0,1280,720,True
square_cut_0059.avi,square_cut,Dataset\rawData\square_cut\square_cut_0059.avi,50,25,2.0,1280,720,True
square_cut_0060.avi,square_cut,Dataset\rawData\square_cut\square_cut_0060.avi,50,25,2.0,1280,720,True
square_cut_0061.avi,square_cut,Dataset\rawData\square_cut\square_cut_0061.avi,52,25,2.08,1280,720,True
square_cut_0062.avi,square_cut,Dataset\rawData\square_cut\square_cut_0062.avi,52,25,2.08,1280,720,True
square_cut_0063.avi,square_cut,Dataset\rawData\square_cut\square_cut_0063.avi,51,25,2.04,1280,720,True
square_cut_0064.avi,square_cut,Dataset\rawData\square_cut\square_cut_0064.avi,50,25,2.0,1280,720,True
square_cut_0065.avi,square_cut,Dataset\rawData\square_cut\square_cut_0065.avi,60,25,2.4,1280,720,True
square_cut_0066.avi,square_cut,Dataset\rawData\square_cut\square_cut_0066.avi,64,25,2.56,1280,720,True
square_cut_0067.avi,square_cut,Dataset\rawData\square_cut\square_cut_0067.avi,79,25,3.16,1280,720,True
square_cut_0068.avi,square_cut,Dataset\rawData\square_cut\square_cut_0068.avi,177,25,7.08,1280,720,True
square_cut_0069.avi,square_cut,Dataset\rawData\square_cut\square_cut_0069.avi,109,25,4.36,1280,720,True
square_cut_0070.avi,square_cut,Dataset\rawData\square_cut\square_cut_0070.avi,126,25,5.04,1280,720,True
square_cut_0071.avi,square_cut,Dataset\rawData\square_cut\square_cut_0071.avi,96,25,3.84,1280,720,True
square_cut_0072.avi,square_cut,Dataset\rawData\square_cut\square_cut_0072.avi,51,25,2.04,1280,720,True
square_cut_0073.avi,square_cut,Dataset\rawData\square_cut\square_cut_0073.avi,60,25,2.4,1280,720,True
square_cut_0074.avi,square_cut,Dataset\rawData\square_cut\square_cut_0074.avi,60,25,2.4,1280,720,True
square_cut_0075.avi,square_cut,Dataset\rawData\square_cut\square_cut_0075.avi,51,25,2.04,1280,720,True
square_cut_0076.avi,square_cut,Dataset\rawData\square_cut\square_cut_0076.avi,50,25,2.0,1280,720,True
square_cut_0077.avi,square_cut,Dataset\rawData\square_cut\square_cut_0077.avi,50,25,2.0,640,480,True
square_cut_0078.avi,square_cut,Dataset\rawData\square_cut\square_cut_0078.avi,51,25,2.04,640,480,True
square_cut_0079.avi,square_cut,Dataset\rawData\square_cut\square_cut_0079.avi,63,25,2.52,1280,720,True
square_cut_0080.avi,square_cut,Dataset\rawData\square_cut\square_cut_0080.avi,61,25,2.44,1280,720,True
square_cut_0081.avi,square_cut,Dataset\rawData\square_cut\square_cut_0081.avi,48,25,1.92,1280,720,True
square_cut_0082.avi,square_cut,Dataset\rawData\square_cut\square_cut_0082.avi,49,25,1.96,1280,720,True
square_cut_0083.avi,square_cut,Dataset\rawData\square_cut\square_cut_0083.avi,46,25,1.84,1280,720,True
square_cut_0084.avi,square_cut,Dataset\rawData\square_cut\square_cut_0084.avi,59,25,2.36,1280,720,True
square_cut_0085.avi,square_cut,Dataset\rawData\square_cut\square_cut_0085.avi,50,25,2.0,1280,720,True
square_cut_0086.avi,square_cut,Dataset\rawData\square_cut\square_cut_0086.avi,55,25,2.2,1280,720,True
square_cut_0087.avi,square_cut,Dataset\rawData\square_cut\square_cut_0087.avi,75,25,3.0,1280,720,True
square_cut_0088.avi,square_cut,Dataset\rawData\square_cut\square_cut_0088.avi,50,25,2.0,1280,720,True
square_cut_0089.avi,square_cut,Dataset\rawData\square_cut\square_cut_0089.avi,77,25,3.08,1280,720,True
square_cut_0090.avi,square_cut,Dataset\rawData\square_cut\square_cut_0090.avi,60,25,2.4,1280,720,True
square_cut_0091.avi,square_cut,Dataset\rawData\square_cut\square_cut_0091.avi,50,25,2.0,1280,720,True
square_cut_0092.avi,square_cut,Dataset\rawData\square_cut\square_cut_0092.avi,81,25,3.24,1280,720,True
square_cut_0093.avi,square_cut,Dataset\rawData\square_cut\square_cut_0093.avi,46,25,1.84,1280,720,True
square_cut_0094.avi,square_cut,Dataset\rawData\square_cut\square_cut_0094.avi,57,25,2.28,1280,720,True
square_cut_0095.avi,square_cut,Dataset\rawData\square_cut\square_cut_0095.avi,66,25,2.64,1280,720,True
square_cut_0096.avi,square_cut,Dataset\rawData\square_cut\square_cut_0096.avi,55,25,2.2,1280,720,True
square_cut_0097.avi,square_cut,Dataset\rawData\square_cut\square_cut_0097.avi,60,25,2.4,1280,720,True
square_cut_0098.avi,square_cut,Dataset\rawData\square_cut\square_cut_0098.avi,62,25,2.48,1280,720,True
square_cut_0099.avi,square_cut,Dataset\rawData\square_cut\square_cut_0099.avi,56,25,2.24,1280,720,True
square_cut_0100.avi,square_cut,Dataset\rawData\square_cut\square_cut_0100.avi,51,25,2.04,1280,720,True
square_cut_0101.avi,square_cut,Dataset\rawData\square_cut\square_cut_0101.avi,54,25,2.16,1280,720,True
square_cut_0102.avi,square_cut,Dataset\rawData\square_cut\square_cut_0102.avi,56,25,2.24,1280,720,True
square_cut_0103.avi,square_cut,Dataset\rawData\square_cut\square_cut_0103.avi,46,25,1.84,1280,720,True
square_cut_0104.avi,square_cut,Dataset\rawData\square_cut\square_cut_0104.avi,63,25,2.52,1280,720,True
square_cut_0105.avi,square_cut,Dataset\rawData\square_cut\square_cut_0105.avi,50,25,2.0,1280,720,True
square_cut_0106.avi,square_cut,Dataset\rawData\square_cut\square_cut_0106.avi,50,25,2.0,1280,720,True
square_cut_0107.avi,square_cut,Dataset\rawData\square_cut\square_cut_0107.avi,60,25,2.4,1280,720,True
square_cut_0108.avi,square_cut,Dataset\rawData\square_cut\square_cut_0108.avi,53,25,2.12,1280,720,True
square_cut_0109.avi,square_cut,Dataset\rawData\square_cut\square_cut_0109.avi,51,25,2.04,1280,720,True
square_cut_0110.avi,square_cut,Dataset\rawData\square_cut\square_cut_0110.avi,51,25,2.04,1280,720,True
square_cut_0111.avi,square_cut,Dataset\rawData\square_cut\square_cut_0111.avi,51,25,2.04,1280,720,True
square_cut_0112.avi,square_cut,Dataset\rawData\square_cut\square_cut_0112.avi,51,25,2.04,1280,720,True
square_cut_0113.avi,square_cut,Dataset\rawData\square_cut\square_cut_0113.avi,40,25,1.6,1280,720,True
square_cut_0114.avi,square_cut,Dataset\rawData\square_cut\square_cut_0114.avi,45,25,1.8,1280,720,True
square_cut_0115.avi,square_cut,Dataset\rawData\square_cut\square_cut_0115.avi,57,25,2.28,1280,720,True
square_cut_0116.avi,square_cut,Dataset\rawData\square_cut\square_cut_0116.avi,49,25,1.96,1280,720,True
square_cut_0117.avi,square_cut,Dataset\rawData\square_cut\square_cut_0117.avi,45,25,1.8,1280,720,True
square_cut_0118.avi,square_cut,Dataset\rawData\square_cut\square_cut_0118.avi,45,25,1.8,1280,720,True
square_cut_0119.avi,square_cut,Dataset\rawData\square_cut\square_cut_0119.avi,50,25,2.0,1280,720,True
square_cut_0120.avi,square_cut,Dataset\rawData\square_cut\square_cut_0120.avi,50,25,2.0,1280,720,True
square_cut_0121.avi,square_cut,Dataset\rawData\square_cut\square_cut_0121.avi,50,25,2.0,1280,720,True
square_cut_0122.avi,square_cut,Dataset\rawData\square_cut\square_cut_0122.avi,51,25,2.04,1280,720,True
square_cut_0123.avi,square_cut,Dataset\rawData\square_cut\square_cut_0123.avi,50,25,2.0,1280,720,True
square_cut_0124.avi,square_cut,Dataset\rawData\square_cut\square_cut_0124.avi,57,25,2.28,1280,720,True
square_cut_0125.avi,square_cut,Dataset\rawData\square_cut\square_cut_0125.avi,52,25,2.08,1280,720,True
square_cut_0126.avi,square_cut,Dataset\rawData\square_cut\square_cut_0126.avi,51,25,2.04,1280,720,True
square_cut_0127.avi,square_cut,Dataset\rawData\square_cut\square_cut_0127.avi,55,25,2.2,1280,720,True
square_cut_0128.avi,square_cut,Dataset\rawData\square_cut\square_cut_0128.avi,50,25,2.0,1280,720,True
square_cut_0129.avi,square_cut,Dataset\rawData\square_cut\square_cut_0129.avi,50,25,2.0,1280,720,True
square_cut_0130.avi,square_cut,Dataset\rawData\square_cut\square_cut_0130.avi,52,25,2.08,1280,720,True
square_cut_0131.avi,square_cut,Dataset\rawData\square_cut\square_cut_0131.avi,52,25,2.08,1280,720,True
square_cut_0132.avi,square_cut,Dataset\rawData\square_cut\square_cut_0132.avi,50,25,2.0,1280,720,True
square_cut_0133.avi,square_cut,Dataset\rawData\square_cut\square_cut_0133.avi,50,25,2.0,1280,720,True
square_cut_0134.avi,square_cut,Dataset\rawData\square_cut\square_cut_0134.avi,50,25,2.0,1280,720,True
square_cut_0135.avi,square_cut,Dataset\rawData\square_cut\square_cut_0135.avi,50,25,2.0,1280,720,True
square_cut_0136.avi,square_cut,Dataset\rawData\square_cut\square_cut_0136.avi,68,25,2.72,1280,720,True
square_cut_0137.avi,square_cut,Dataset\rawData\square_cut\square_cut_0137.avi,50,25,2.0,1280,720,True
square_cut_0138.avi,square_cut,Dataset\rawData\square_cut\square_cut_0138.avi,52,25,2.08,1280,720,True
square_cut_0139.avi,square_cut,Dataset\rawData\square_cut\square_cut_0139.avi,59,25,2.36,1280,720,True
square_cut_0140.avi,square_cut,Dataset\rawData\square_cut\square_cut_0140.avi,44,25,1.76,1280,720,True
square_cut_0141.avi,square_cut,Dataset\rawData\square_cut\square_cut_0141.avi,52,25,2.08,1280,720,True
square_cut_0142.avi,square_cut,Dataset\rawData\square_cut\square_cut_0142.avi,42,25,1.68,1280,720,True
square_cut_0143.avi,square_cut,Dataset\rawData\square_cut\square_cut_0143.avi,40,25,1.6,1280,720,True
square_cut_0144.avi,square_cut,Dataset\rawData\square_cut\square_cut_0144.avi,43,25,1.72,1280,720,True
square_cut_0145.avi,square_cut,Dataset\rawData\square_cut\square_cut_0145.avi,41,25,1.64,1280,720,True
square_cut_0146.avi,square_cut,Dataset\rawData\square_cut\square_cut_0146.avi,46,25,1.84,1280,720,True
square_cut_0147.avi,square_cut,Dataset\rawData\square_cut\square_cut_0147.avi,50,25,2.0,1280,720,True
square_cut_0148.avi,square_cut,Dataset\rawData\square_cut\square_cut_0148.avi,52,25,2.08,1280,720,True
square_cut_0149.avi,square_cut,Dataset\rawData\square_cut\square_cut_0149.avi,55,25,2.2,1280,720,True
square_cut_0150.avi,square_cut,Dataset\rawData\square_cut\square_cut_0150.avi,42,25,1.68,1280,720,True
square_cut_0151.avi,square_cut,Dataset\rawData\square_cut\square_cut_0151.avi,39,25,1.56,1280,720,True
square_cut_0152.avi,square_cut,Dataset\rawData\square_cut\square_cut_0152.avi,69,25,2.76,1280,720,True
square_cut_0153.avi,square_cut,Dataset\rawData\square_cut\square_cut_0153.avi,50,25,2.0,1280,720,True
square_cut_0154.avi,square_cut,Dataset\rawData\square_cut\square_cut_0154.avi,33,25,1.32,1280,720,True
square_cut_0155.avi,square_cut,Dataset\rawData\square_cut\square_cut_0155.avi,70,25,2.8,1280,720,True
square_cut_0156.avi,square_cut,Dataset\rawData\square_cut\square_cut_0156.avi,50,25,2.0,1280,720,True
square_cut_0157.avi,square_cut,Dataset\rawData\square_cut\square_cut_0157.avi,75,25,3.0,1280,720,True
square_cut_0158.avi,square_cut,Dataset\rawData\square_cut\square_cut_0158.avi,39,25,1.56,1280,720,True
square_cut_0159.avi,square_cut,Dataset\rawData\square_cut\square_cut_0159.avi,50,25,2.0,1280,720,True
square_cut_0160.avi,square_cut,Dataset\rawData\square_cut\square_cut_0160.avi,54,25,2.16,1280,720,True
square_cut_0161.avi,square_cut,Dataset\rawData\square_cut\square_cut_0161.avi,56,25,2.24,1280,720,True
square_cut_0162.avi,square_cut,Dataset\rawData\square_cut\square_cut_0162.avi,57,25,2.28,1280,720,True
square_cut_0163.avi,square_cut,Dataset\rawData\square_cut\square_cut_0163.avi,52,25,2.08,1280,720,True
square_cut_0164.avi,square_cut,Dataset\rawData\square_cut\square_cut_0164.avi,50,25,2.0,1280,720,True
square_cut_0165.avi,square_cut,Dataset\rawData\square_cut\square_cut_0165.avi,57,25,2.28,1280,720,True
square_cut_0166.avi,square_cut,Dataset\rawData\square_cut\square_cut_0166.avi,59,25,2.36,1280,720,True
square_cut_0167.avi,square_cut,Dataset\rawData\square_cut\square_cut_0167.avi,53,25,2.12,1280,720,True
square_cut_0168.avi,square_cut,Dataset\rawData\square_cut\square_cut_0168.avi,108,25,4.32,1280,720,True
square_cut_0169.avi,square_cut,Dataset\rawData\square_cut\square_cut_0169.avi,52,25,2.08,1280,720,True
square_cut_0170.avi,square_cut,Dataset\rawData\square_cut\square_cut_0170.avi,55,25,2.2,1280,720,True
square_cut_0171.avi,square_cut,Dataset\rawData\square_cut\square_cut_0171.avi,50,25,2.0,1280,720,True
square_cut_0172.avi,square_cut,Dataset\rawData\square_cut\square_cut_0172.avi,75,25,3.0,1280,720,True
square_cut_0173.avi,square_cut,Dataset\rawData\square_cut\square_cut_0173.avi,55,25,2.2,1280,720,True
square_cut_0174.avi,square_cut,Dataset\rawData\square_cut\square_cut_0174.avi,50,25,2.0,1280,720,True
square_cut_0175.avi,square_cut,Dataset\rawData\square_cut\square_cut_0175.avi,51,25,2.04,1280,720,True
square_cut_0176.avi,square_cut,Dataset\rawData\square_cut\square_cut_0176.avi,53,25,2.12,1280,720,True
square_cut_0177.avi,square_cut,Dataset\rawData\square_cut\square_cut_0177.avi,100,25,4.0,1280,720,True
square_cut_0178.avi,square_cut,Dataset\rawData\square_cut\square_cut_0178.avi,65,25,2.6,1280,720,True
square_cut_0179.avi,square_cut,Dataset\rawData\square_cut\square_cut_0179.avi,75,25,3.0,1280,720,True
square_cut_0180.avi,square_cut,Dataset\rawData\square_cut\square_cut_0180.avi,55,25,2.2,1280,720,True
square_cut_0181.avi,square_cut,Dataset\rawData\square_cut\square_cut_0181.avi,78,25,3.12,1280,720,True
square_cut_0182.avi,square_cut,Dataset\rawData\square_cut\square_cut_0182.avi,55,25,2.2,1280,720,True
square_cut_0183.avi,square_cut,Dataset\rawData\square_cut\square_cut_0183.avi,79,25,3.16,1280,720,True
square_cut_0184.avi,square_cut,Dataset\rawData\square_cut\square_cut_0184.avi,50,25,2.0,1280,720,True
square_cut_0185.avi,square_cut,Dataset\rawData\square_cut\square_cut_0185.avi,79,25,3.16,1280,720,True
square_cut_0186.avi,square_cut,Dataset\rawData\square_cut\square_cut_0186.avi,49,25,1.96,1280,720,True
square_cut_0187.avi,square_cut,Dataset\rawData\square_cut\square_cut_0187.avi,55,25,2.2,1280,720,True
square_cut_0188.avi,square_cut,Dataset\rawData\square_cut\square_cut_0188.avi,85,25,3.4,1280,720,True
square_cut_0189.avi,square_cut,Dataset\rawData\square_cut\square_cut_0189.avi,88,25,3.52,1280,720,True
square_cut_0190.avi,square_cut,Dataset\rawData\square_cut\square_cut_0190.avi,50,25,2.0,1280,720,True
square_cut_0191.avi,square_cut,Dataset\rawData\square_cut\square_cut_0191.avi,100,25,4.0,1280,720,True
square_cut_0192.avi,square_cut,Dataset\rawData\square_cut\square_cut_0192.avi,75,25,3.0,1280,720,True
square_cut_0193.avi,square_cut,Dataset\rawData\square_cut\square_cut_0193.avi,80,25,3.2,1280,720,True
square_cut_0194.avi,square_cut,Dataset\rawData\square_cut\square_cut_0194.avi,55,25,2.2,1280,720,True
square_cut_0195.avi,square_cut,Dataset\rawData\square_cut\square_cut_0195.avi,60,25,2.4,1280,720,True
square_cut_0196.avi,square_cut,Dataset\rawData\square_cut\square_cut_0196.avi,53,25,2.12,1280,720,True
square_cut_0197.avi,square_cut,Dataset\rawData\square_cut\square_cut_0197.avi,50,25,2.0,1280,720,True
square_cut_0198.avi,square_cut,Dataset\rawData\square_cut\square_cut_0198.avi,66,25,2.64,1280,720,True
square_cut_0199.avi,square_cut,Dataset\rawData\square_cut\square_cut_0199.avi,54,25,2.16,1280,720,True
square_cut_0200.avi,square_cut,Dataset\rawData\square_cut\square_cut_0200.avi,55,25,2.2,1280,720,True
straight_0001.avi,straight,Dataset\rawData\straight\straight_0001.avi,88,25,3.52,1280,720,True
straight_0002.avi,straight,Dataset\rawData\straight\straight_0002.avi,45,25,1.8,1280,720,True
straight_0003.avi,straight,Dataset\rawData\straight\straight_0003.avi,102,30,3.4,1280,720,True
straight_0004.avi,straight,Dataset\rawData\straight\straight_0004.avi,81,25,3.24,1280,720,True
straight_0005.avi,straight,Dataset\rawData\straight\straight_0005.avi,78,25,3.12,1280,720,True
straight_0006.avi,straight,Dataset\rawData\straight\straight_0006.avi,77,25,3.08,1280,720,True
straight_0007.avi,straight,Dataset\rawData\straight\straight_0007.avi,102,30,3.4,1280,720,True
straight_0008.avi,straight,Dataset\rawData\straight\straight_0008.avi,118,30,3.933333333333333,1280,720,True
straight_0009.avi,straight,Dataset\rawData\straight\straight_0009.avi,58,25,2.32,1280,720,True
straight_0010.avi,straight,Dataset\rawData\straight\straight_0010.avi,78,25,3.12,1280,720,True
straight_0011.avi,straight,Dataset\rawData\straight\straight_0011.avi,93,25,3.72,1280,720,True
straight_0012.avi,straight,Dataset\rawData\straight\straight_0012.avi,76,25,3.04,1280,720,True
straight_0013.avi,straight,Dataset\rawData\straight\straight_0013.avi,74,25,2.96,1280,720,True
straight_0014.avi,straight,Dataset\rawData\straight\straight_0014.avi,92,25,3.68,1280,720,True
straight_0015.avi,straight,Dataset\rawData\straight\straight_0015.avi,54,25,2.16,1280,720,True
straight_0016.avi,straight,Dataset\rawData\straight\straight_0016.avi,68,25,2.72,1280,720,True
straight_0017.avi,straight,Dataset\rawData\straight\straight_0017.avi,56,25,2.24,1280,720,True
straight_0018.avi,straight,Dataset\rawData\straight\straight_0018.avi,58,25,2.32,1280,720,True
straight_0019.avi,straight,Dataset\rawData\straight\straight_0019.avi,116,30,3.8666666666666667,1280,720,True
straight_0020.avi,straight,Dataset\rawData\straight\straight_0020.avi,50,25,2.0,1280,720,True
straight_0021.avi,straight,Dataset\rawData\straight\straight_0021.avi,58,25,2.32,1280,720,True
straight_0022.avi,straight,Dataset\rawData\straight\straight_0022.avi,55,25,2.2,1280,720,True
straight_0023.avi,straight,Dataset\rawData\straight\straight_0023.avi,49,25,1.96,1280,720,True
straight_0024.avi,straight,Dataset\rawData\straight\straight_0024.avi,53,25,2.12,1280,720,True
straight_0025.avi,straight,Dataset\rawData\straight\straight_0025.avi,50,25,2.0,1280,720,True
straight_0026.avi,straight,Dataset\rawData\straight\straight_0026.avi,63,25,2.52,1280,720,True
straight_0027.avi,straight,Dataset\rawData\straight\straight_0027.avi,70,25,2.8,640,480,True
straight_0028.avi,straight,Dataset\rawData\straight\straight_0028.avi,53,25,2.12,640,480,True
straight_0029.avi,straight,Dataset\rawData\straight\straight_0029.avi,68,25,2.72,1280,720,True
straight_0030.avi,straight,Dataset\rawData\straight\straight_0030.avi,114,30,3.8,1280,720,True
straight_0031.avi,straight,Dataset\rawData\straight\straight_0031.avi,55,25,2.2,1280,720,True
straight_0032.avi,straight,Dataset\rawData\straight\straight_0032.avi,61,25,2.44,1280,720,True
straight_0033.avi,straight,Dataset\rawData\straight\straight_0033.avi,61,25,2.44,1280,720,True
straight_0034.avi,straight,Dataset\rawData\straight\straight_0034.avi,45,25,1.8,1280,720,True
straight_0035.avi,straight,Dataset\rawData\straight\straight_0035.avi,59,25,2.36,1280,720,True
straight_0036.avi,straight,Dataset\rawData\straight\straight_0036.avi,63,25,2.52,1280,720,True
straight_0037.avi,straight,Dataset\rawData\straight\straight_0037.avi,60,25,2.4,1280,720,True
straight_0038.avi,straight,Dataset\rawData\straight\straight_0038.avi,45,25,1.8,1280,720,True
straight_0039.avi,straight,Dataset\rawData\straight\straight_0039.avi,73,25,2.92,1280,720,True
straight_0040.avi,straight,Dataset\rawData\straight\straight_0040.avi,102,30,3.4,1280,720,True
straight_0041.avi,straight,Dataset\rawData\straight\straight_0041.avi,102,30,3.4,1280,720,True
straight_0042.avi,straight,Dataset\rawData\straight\straight_0042.avi,112,30,3.7333333333333334,1280,720,True
straight_0043.avi,straight,Dataset\rawData\straight\straight_0043.avi,60,30,2.0,1280,720,True
straight_0044.avi,straight,Dataset\rawData\straight\straight_0044.avi,60,30,2.0,1280,720,True
straight_0045.avi,straight,Dataset\rawData\straight\straight_0045.avi,114,30,3.8,1280,720,True
straight_0046.avi,straight,Dataset\rawData\straight\straight_0046.avi,81,30,2.7,1280,720,True
straight_0047.avi,straight,Dataset\rawData\straight\straight_0047.avi,92,25,3.68,1280,720,True
straight_0048.avi,straight,Dataset\rawData\straight\straight_0048.avi,45,25,1.8,1280,720,True
straight_0049.avi,straight,Dataset\rawData\straight\straight_0049.avi,100,30,3.3333333333333335,1280,720,True
straight_0050.avi,straight,Dataset\rawData\straight\straight_0050.avi,77,30,2.566666666666667,1280,720,True
straight_0051.avi,straight,Dataset\rawData\straight\straight_0051.avi,65,25,2.6,1280,720,True
straight_0052.avi,straight,Dataset\rawData\straight\straight_0052.avi,84,30,2.8,1280,720,True
straight_0053.avi,straight,Dataset\rawData\straight\straight_0053.avi,90,30,3.0,1280,720,True
straight_0054.avi,straight,Dataset\rawData\straight\straight_0054.avi,63,25,2.52,1280,720,True
straight_0055.avi,straight,Dataset\rawData\straight\straight_0055.avi,101,30,3.3666666666666667,1280,720,True
straight_0056.avi,straight,Dataset\rawData\straight\straight_0056.avi,91,30,3.033333333333333,1280,720,True
straight_0057.avi,straight,Dataset\rawData\straight\straight_0057.avi,83,25,3.32,1280,720,True
straight_0058.avi,straight,Dataset\rawData\straight\straight_0058.avi,107,30,3.566666666666667,1280,720,True
straight_0059.avi,straight,Dataset\rawData\straight\straight_0059.avi,102,30,3.4,1280,720,True
straight_0060.avi,straight,Dataset\rawData\straight\straight_0060.avi,102,30,3.4,1280,720,True
straight_0061.avi,straight,Dataset\rawData\straight\straight_0061.avi,84,30,2.8,1280,720,True
straight_0062.avi,straight,Dataset\rawData\straight\straight_0062.avi,84,30,2.8,1280,720,True
straight_0063.avi,straight,Dataset\rawData\straight\straight_0063.avi,118,30,3.933333333333333,1280,720,True
straight_0064.avi,straight,Dataset\rawData\straight\straight_0064.avi,108,30,3.6,1280,720,True
straight_0065.avi,straight,Dataset\rawData\straight\straight_0065.avi,78,25,3.12,1280,720,True
straight_0066.avi,straight,Dataset\rawData\straight\straight_0066.avi,114,30,3.8,1280,720,True
straight_0067.avi,straight,Dataset\rawData\straight\straight_0067.avi,65,25,2.6,1280,720,True
straight_0068.avi,straight,Dataset\rawData\straight\straight_0068.avi,65,25,2.6,1280,720,True
straight_0069.avi,straight,Dataset\rawData\straight\straight_0069.avi,115,30,3.8333333333333335,1280,720,True
straight_0070.avi,straight,Dataset\rawData\straight\straight_0070.avi,118,30,3.933333333333333,1280,720,True
straight_0071.avi,straight,Dataset\rawData\straight\straight_0071.avi,80,30,2.6666666666666665,1280,720,True
straight_0072.avi,straight,Dataset\rawData\straight\straight_0072.avi,73,30,2.433333333333333,1280,720,True
straight_0073.avi,straight,Dataset\rawData\straight\straight_0073.avi,56,25,2.24,1280,720,True
straight_0074.avi,straight,Dataset\rawData\straight\straight_0074.avi,66,30,2.2,1280,720,True
straight_0075.avi,straight,Dataset\rawData\straight\straight_0075.avi,76,30,2.533333333333333,1280,720,True
straight_0076.avi,straight,Dataset\rawData\straight\straight_0076.avi,68,25,2.72,1280,720,True
straight_0077.avi,straight,Dataset\rawData\straight\straight_0077.avi,68,25,2.72,1280,720,True
straight_0078.avi,straight,Dataset\rawData\straight\straight_0078.avi,118,30,3.933333333333333,1280,720,True
straight_0079.avi,straight,Dataset\rawData\straight\straight_0079.avi,116,30,3.8666666666666667,1280,720,True
straight_0080.avi,straight,Dataset\rawData\straight\straight_0080.avi,85,25,3.4,1280,720,True
straight_0081.avi,straight,Dataset\rawData\straight\straight_0081.avi,85,25,3.4,1280,720,True
straight_0082.avi,straight,Dataset\rawData\straight\straight_0082.avi,96,30,3.2,1280,720,True
straight_0083.avi,straight,Dataset\rawData\straight\straight_0083.avi,97,30,3.2333333333333334,1280,720,True
straight_0084.avi,straight,Dataset\rawData\straight\straight_0084.avi,73,25,2.92,1280,720,True
straight_0085.avi,straight,Dataset\rawData\straight\straight_0085.avi,73,25,2.92,1280,720,True
straight_0086.avi,straight,Dataset\rawData\straight\straight_0086.avi,85,30,2.8333333333333335,1280,720,True
straight_0087.avi,straight,Dataset\rawData\straight\straight_0087.avi,79,30,2.6333333333333333,1280,720,True
straight_0088.avi,straight,Dataset\rawData\straight\straight_0088.avi,75,25,3.0,1280,720,True
straight_0089.avi,straight,Dataset\rawData\straight\straight_0089.avi,85,25,3.4,1280,720,True
straight_0090.avi,straight,Dataset\rawData\straight\straight_0090.avi,75,25,3.0,1280,720,True
straight_0091.avi,straight,Dataset\rawData\straight\straight_0091.avi,68,25,2.72,1280,720,True
straight_0092.avi,straight,Dataset\rawData\straight\straight_0092.avi,76,25,3.04,1280,720,True
straight_0093.avi,straight,Dataset\rawData\straight\straight_0093.avi,54,25,2.16,1280,720,True
straight_0094.avi,straight,Dataset\rawData\straight\straight_0094.avi,58,25,2.32,1280,720,True
straight_0095.avi,straight,Dataset\rawData\straight\straight_0095.avi,75,25,3.0,1280,720,True
straight_0096.avi,straight,Dataset\rawData\straight\straight_0096.avi,83,25,3.32,1280,720,True
straight_0097.avi,straight,Dataset\rawData\straight\straight_0097.avi,74,25,2.96,1280,720,True
straight_0098.avi,straight,Dataset\rawData\straight\straight_0098.avi,101,25,4.04,1280,720,True
straight_0099.avi,straight,Dataset\rawData\straight\straight_0099.avi,101,25,4.04,1280,720,True
straight_0100.avi,straight,Dataset\rawData\straight\straight_0100.avi,78,25,3.12,1280,720,True
straight_0101.avi,straight,Dataset\rawData\straight\straight_0101.avi,80,25,3.2,1280,720,True
straight_0102.avi,straight,Dataset\rawData\straight\straight_0102.avi,81,25,3.24,1280,720,True
straight_0103.avi,straight,Dataset\rawData\straight\straight_0103.avi,84,25,3.36,1280,720,True
straight_0104.avi,straight,Dataset\rawData\straight\straight_0104.avi,84,25,3.36,1280,720,True
straight_0105.avi,straight,Dataset\rawData\straight\straight_0105.avi,79,25,3.16,1280,720,True
straight_0106.avi,straight,Dataset\rawData\straight\straight_0106.avi,79,25,3.16,1280,720,True
straight_0107.avi,straight,Dataset\rawData\straight\straight_0107.avi,90,25,3.6,1280,720,True
straight_0108.avi,straight,Dataset\rawData\straight\straight_0108.avi,65,25,2.6,1280,720,True
straight_0109.avi,straight,Dataset\rawData\straight\straight_0109.avi,75,25,3.0,1280,720,True
straight_0110.avi,straight,Dataset\rawData\straight\straight_0110.avi,75,25,3.0,1280,720,True
straight_0111.avi,straight,Dataset\rawData\straight\straight_0111.avi,71,25,2.84,1280,720,True
straight_0112.avi,straight,Dataset\rawData\straight\straight_0112.avi,66,25,2.64,1280,720,True
straight_0113.avi,straight,Dataset\rawData\straight\straight_0113.avi,61,25,2.44,1280,720,True
straight_0114.avi,straight,Dataset\rawData\straight\straight_0114.avi,60,25,2.4,1280,720,True
straight_0115.avi,straight,Dataset\rawData\straight\straight_0115.avi,55,25,2.2,1280,720,True
straight_0116.avi,straight,Dataset\rawData\straight\straight_0116.avi,58,25,2.32,1280,720,True
straight_0117.avi,straight,Dataset\rawData\straight\straight_0117.avi,70,25,2.8,1280,720,True
straight_0118.avi,straight,Dataset\rawData\straight\straight_0118.avi,92,25,3.68,1280,720,True
straight_0119.avi,straight,Dataset\rawData\straight\straight_0119.avi,55,25,2.2,1280,720,True
straight_0120.avi,straight,Dataset\rawData\straight\straight_0120.avi,65,25,2.6,1280,720,True
straight_0121.avi,straight,Dataset\rawData\straight\straight_0121.avi,70,25,2.8,1280,720,True
straight_0122.avi,straight,Dataset\rawData\straight\straight_0122.avi,60,25,2.4,1280,720,True
straight_0123.avi,straight,Dataset\rawData\straight\straight_0123.avi,68,25,2.72,1280,720,True
straight_0124.avi,straight,Dataset\rawData\straight\straight_0124.avi,70,25,2.8,1280,720,True
straight_0125.avi,straight,Dataset\rawData\straight\straight_0125.avi,70,25,2.8,1280,720,True
straight_0126.avi,straight,Dataset\rawData\straight\straight_0126.avi,53,25,2.12,1280,720,True
straight_0127.avi,straight,Dataset\rawData\straight\straight_0127.avi,59,25,2.36,1280,720,True
straight_0128.avi,straight,Dataset\rawData\straight\straight_0128.avi,62,25,2.48,1280,720,True
straight_0129.avi,straight,Dataset\rawData\straight\straight_0129.avi,65,25,2.6,1280,720,True
straight_0130.avi,straight,Dataset\rawData\straight\straight_0130.avi,62,25,2.48,1280,720,True
straight_0131.avi,straight,Dataset\rawData\straight\straight_0131.avi,50,25,2.0,1280,720,True
straight_0132.avi,straight,Dataset\rawData\straight\straight_0132.avi,74,25,2.96,1280,720,True
straight_0133.avi,straight,Dataset\rawData\straight\straight_0133.avi,73,25,2.92,1280,720,True
straight_0134.avi,straight,Dataset\rawData\straight\straight_0134.avi,76,25,3.04,1280,720,True
straight_0135.avi,straight,Dataset\rawData\straight\straight_0135.avi,75,25,3.0,1280,720,True
straight_0136.avi,straight,Dataset\rawData\straight\straight_0136.avi,70,25,2.8,1280,720,True
straight_0137.avi,straight,Dataset\rawData\straight\straight_0137.avi,59,25,2.36,1280,720,True
straight_0138.avi,straight,Dataset\rawData\straight\straight_0138.avi,80,25,3.2,1280,720,True
straight_0139.avi,straight,Dataset\rawData\straight\straight_0139.avi,75,25,3.0,1280,720,True
straight_0140.avi,straight,Dataset\rawData\straight\straight_0140.avi,81,25,3.24,1280,720,True
straight_0141.avi,straight,Dataset\rawData\straight\straight_0141.avi,85,25,3.4,1280,720,True
straight_0142.avi,straight,Dataset\rawData\straight\straight_0142.avi,55,25,2.2,1280,720,True
straight_0143.avi,straight,Dataset\rawData\straight\straight_0143.avi,73,25,2.92,1280,720,True
straight_0144.avi,straight,Dataset\rawData\straight\straight_0144.avi,71,25,2.84,1280,720,True
straight_0145.avi,straight,Dataset\rawData\straight\straight_0145.avi,90,25,3.6,1280,720,True
straight_0146.avi,straight,Dataset\rawData\straight\straight_0146.avi,90,25,3.6,1280,720,True
straight_0147.avi,straight,Dataset\rawData\straight\straight_0147.avi,75,25,3.0,1280,720,True
straight_0148.avi,straight,Dataset\rawData\straight\straight_0148.avi,99,25,3.96,1280,720,True
straight_0149.avi,straight,Dataset\rawData\straight\straight_0149.avi,99,25,3.96,1280,720,True
straight_0150.avi,straight,Dataset\rawData\straight\straight_0150.avi,119,25,4.76,1280,720,True
straight_0151.avi,straight,Dataset\rawData\straight\straight_0151.avi,80,25,3.2,1280,720,True
straight_0152.avi,straight,Dataset\rawData\straight\straight_0152.avi,82,25,3.28,1280,720,True
straight_0153.avi,straight,Dataset\rawData\straight\straight_0153.avi,82,25,3.28,1280,720,True
straight_0154.avi,straight,Dataset\rawData\straight\straight_0154.avi,88,25,3.52,1280,720,True
straight_0155.avi,straight,Dataset\rawData\straight\straight_0155.avi,80,25,3.2,1280,720,True
straight_0156.avi,straight,Dataset\rawData\straight\straight_0156.avi,61,25,2.44,1280,720,True
straight_0157.avi,straight,Dataset\rawData\straight\straight_0157.avi,64,25,2.56,1280,720,True
straight_0158.avi,straight,Dataset\rawData\straight\straight_0158.avi,91,25,3.64,1280,720,True
straight_0159.avi,straight,Dataset\rawData\straight\straight_0159.avi,94,25,3.76,1280,720,True
straight_0160.avi,straight,Dataset\rawData\straight\straight_0160.avi,81,25,3.24,1280,720,True
straight_0161.avi,straight,Dataset\rawData\straight\straight_0161.avi,81,25,3.24,1280,720,True
straight_0162.avi,straight,Dataset\rawData\straight\straight_0162.avi,114,30,3.8,1280,720,True
straight_0163.avi,straight,Dataset\rawData\straight\straight_0163.avi,120,30,4.0,1280,720,True
straight_0164.avi,straight,Dataset\rawData\straight\straight_0164.avi,76,25,3.04,1280,720,True
straight_0165.avi,straight,Dataset\rawData\straight\straight_0165.avi,90,25,3.6,1280,720,True
straight_0166.avi,straight,Dataset\rawData\straight\straight_0166.avi,79,25,3.16,1280,720,True
straight_0167.avi,straight,Dataset\rawData\straight\straight_0167.avi,81,25,3.24,1280,720,True
straight_0168.avi,straight,Dataset\rawData\straight\straight_0168.avi,91,25,3.64,1280,720,True
straight_0169.avi,straight,Dataset\rawData\straight\straight_0169.avi,58,25,2.32,1280,720,True
straight_0170.avi,straight,Dataset\rawData\straight\straight_0170.avi,65,25,2.6,1280,720,True
straight_0171.avi,straight,Dataset\rawData\straight\straight_0171.avi,71,25,2.84,1280,720,True
straight_0172.avi,straight,Dataset\rawData\straight\straight_0172.avi,71,25,2.84,1280,720,True
straight_0173.avi,straight,Dataset\rawData\straight\straight_0173.avi,81,25,3.24,1280,720,True
straight_0174.avi,straight,Dataset\rawData\straight\straight_0174.avi,90,25,3.6,1280,720,True
straight_0175.avi,straight,Dataset\rawData\straight\straight_0175.avi,113,30,3.7666666666666666,1280,720,True
straight_0176.avi,straight,Dataset\rawData\straight\straight_0176.avi,96,25,3.84,1280,720,True
straight_0177.avi,straight,Dataset\rawData\straight\straight_0177.avi,96,25,3.84,1280,720,True
straight_0178.avi,straight,Dataset\rawData\straight\straight_0178.avi,55,25,2.2,1280,720,True
straight_0179.avi,straight,Dataset\rawData\straight\straight_0179.avi,75,25,3.0,1280,720,True
straight_0180.avi,straight,Dataset\rawData\straight\straight_0180.avi,50,25,2.0,1280,720,True
straight_0181.avi,straight,Dataset\rawData\straight\straight_0181.avi,100,25,4.0,1280,720,True
straight_0182.avi,straight,Dataset\rawData\straight\straight_0182.avi,75,25,3.0,1280,720,True
straight_0183.avi,straight,Dataset\rawData\straight\straight_0183.avi,50,25,2.0,1280,720,True
straight_0184.avi,straight,Dataset\rawData\straight\straight_0184.avi,75,25,3.0,1280,720,True
straight_0185.avi,straight,Dataset\rawData\straight\straight_0185.avi,45,25,1.8,1280,720,True
straight_0186.avi,straight,Dataset\rawData\straight\straight_0186.avi,75,25,3.0,1280,720,True
straight_0187.avi,straight,Dataset\rawData\straight\straight_0187.avi,50,25,2.0,1280,720,True
straight_0188.avi,straight,Dataset\rawData\straight\straight_0188.avi,98,25,3.92,1280,720,True
straight_0189.avi,straight,Dataset\rawData\straight\straight_0189.avi,70,25,2.8,1280,720,True
straight_0190.avi,straight,Dataset\rawData\straight\straight_0190.avi,89,25,3.56,1280,720,True
straight_0191.avi,straight,Dataset\rawData\straight\straight_0191.avi,70,25,2.8,1280,720,True
straight_0192.avi,straight,Dataset\rawData\straight\straight_0192.avi,50,25,2.0,1280,720,True
straight_0193.avi,straight,Dataset\rawData\straight\straight_0193.avi,88,25,3.52,1280,720,True
sweep_0001.avi,sweep,Dataset\rawData\sweep\sweep_0001.avi,55,25,2.2,1280,720,True
sweep_0002.avi,sweep,Dataset\rawData\sweep\sweep_0002.avi,55,25,2.2,1280,720,True
sweep_0003.avi,sweep,Dataset\rawData\sweep\sweep_0003.avi,65,25,2.6,1280,720,True
sweep_0004.avi,sweep,Dataset\rawData\sweep\sweep_0004.avi,62,25,2.48,1280,720,True
sweep_0005.avi,sweep,Dataset\rawData\sweep\sweep_0005.avi,61,25,2.44,1280,720,True
sweep_0006.avi,sweep,Dataset\rawData\sweep\sweep_0006.avi,69,25,2.76,1280,720,True
sweep_0007.avi,sweep,Dataset\rawData\sweep\sweep_0007.avi,61,25,2.44,1280,720,True
sweep_0008.avi,sweep,Dataset\rawData\sweep\sweep_0008.avi,66,25,2.64,1280,720,True
sweep_0009.avi,sweep,Dataset\rawData\sweep\sweep_0009.avi,59,25,2.36,1280,720,True
sweep_0010.avi,sweep,Dataset\rawData\sweep\sweep_0010.avi,79,25,3.16,1280,720,True
sweep_0011.avi,sweep,Dataset\rawData\sweep\sweep_0011.avi,54,25,2.16,1280,720,True
sweep_0012.avi,sweep,Dataset\rawData\sweep\sweep_0012.avi,58,25,2.32,1280,720,True
sweep_0013.avi,sweep,Dataset\rawData\sweep\sweep_0013.avi,51,25,2.04,1280,720,True
sweep_0014.avi,sweep,Dataset\rawData\sweep\sweep_0014.avi,52,25,2.08,1280,720,True
sweep_0015.avi,sweep,Dataset\rawData\sweep\sweep_0015.avi,58,25,2.32,1280,720,True
sweep_0016.avi,sweep,Dataset\rawData\sweep\sweep_0016.avi,55,25,2.2,1280,720,True
sweep_0017.avi,sweep,Dataset\rawData\sweep\sweep_0017.avi,59,25,2.36,1280,720,True
sweep_0018.avi,sweep,Dataset\rawData\sweep\sweep_0018.avi,45,25,1.8,1280,720,True
sweep_0019.avi,sweep,Dataset\rawData\sweep\sweep_0019.avi,59,25,2.36,1280,720,True
sweep_0020.avi,sweep,Dataset\rawData\sweep\sweep_0020.avi,48,25,1.92,1280,720,True
sweep_0021.avi,sweep,Dataset\rawData\sweep\sweep_0021.avi,64,25,2.56,1280,720,True
sweep_0022.avi,sweep,Dataset\rawData\sweep\sweep_0022.avi,89,25,3.56,1280,720,True
sweep_0023.avi,sweep,Dataset\rawData\sweep\sweep_0023.avi,65,25,2.6,1280,720,True
sweep_0024.avi,sweep,Dataset\rawData\sweep\sweep_0024.avi,50,25,2.0,1280,720,True
sweep_0025.avi,sweep,Dataset\rawData\sweep\sweep_0025.avi,85,25,3.4,1280,720,True
sweep_0026.avi,sweep,Dataset\rawData\sweep\sweep_0026.avi,78,25,3.12,1280,720,True
sweep_0027.avi,sweep,Dataset\rawData\sweep\sweep_0027.avi,65,25,2.6,1280,720,True
sweep_0028.avi,sweep,Dataset\rawData\sweep\sweep_0028.avi,45,25,1.8,1280,720,True
sweep_0029.avi,sweep,Dataset\rawData\sweep\sweep_0029.avi,79,25,3.16,1280,720,True
sweep_0030.avi,sweep,Dataset\rawData\sweep\sweep_0030.avi,62,25,2.48,1280,720,True
sweep_0031.avi,sweep,Dataset\rawData\sweep\sweep_0031.avi,70,25,2.8,1280,720,True
sweep_0032.avi,sweep,Dataset\rawData\sweep\sweep_0032.avi,60,25,2.4,1280,720,True
sweep_0033.avi,sweep,Dataset\rawData\sweep\sweep_0033.avi,56,25,2.24,1280,720,True
sweep_0034.avi,sweep,Dataset\rawData\sweep\sweep_0034.avi,61,25,2.44,1280,720,True
sweep_0035.avi,sweep,Dataset\rawData\sweep\sweep_0035.avi,63,25,2.52,1280,720,True
sweep_0036.avi,sweep,Dataset\rawData\sweep\sweep_0036.avi,55,25,2.2,1280,720,True
sweep_0037.avi,sweep,Dataset\rawData\sweep\sweep_0037.avi,73,25,2.92,1280,720,True
sweep_0038.avi,sweep,Dataset\rawData\sweep\sweep_0038.avi,65,25,2.6,1280,720,True
sweep_0039.avi,sweep,Dataset\rawData\sweep\sweep_0039.avi,65,25,2.6,1280,720,True
sweep_0040.avi,sweep,Dataset\rawData\sweep\sweep_0040.avi,61,25,2.44,1280,720,True
sweep_0041.avi,sweep,Dataset\rawData\sweep\sweep_0041.avi,55,25,2.2,1280,720,True
sweep_0042.avi,sweep,Dataset\rawData\sweep\sweep_0042.avi,60,25,2.4,1280,720,True
sweep_0043.avi,sweep,Dataset\rawData\sweep\sweep_0043.avi,64,25,2.56,1280,720,True
sweep_0044.avi,sweep,Dataset\rawData\sweep\sweep_0044.avi,60,25,2.4,1280,720,True
sweep_0045.avi,sweep,Dataset\rawData\sweep\sweep_0045.avi,65,25,2.6,1280,720,True
sweep_0046.avi,sweep,Dataset\rawData\sweep\sweep_0046.avi,66,25,2.64,1280,720,True
sweep_0047.avi,sweep,Dataset\rawData\sweep\sweep_0047.avi,68,25,2.72,1280,720,True
sweep_0048.avi,sweep,Dataset\rawData\sweep\sweep_0048.avi,66,25,2.64,1280,720,True
sweep_0049.avi,sweep,Dataset\rawData\sweep\sweep_0049.avi,63,25,2.52,1280,720,True
sweep_0050.avi,sweep,Dataset\rawData\sweep\sweep_0050.avi,62,25,2.48,1280,720,True
sweep_0051.avi,sweep,Dataset\rawData\sweep\sweep_0051.avi,65,25,2.6,1280,720,True
sweep_0052.avi,sweep,Dataset\rawData\sweep\sweep_0052.avi,70,25,2.8,1280,720,True
sweep_0053.avi,sweep,Dataset\rawData\sweep\sweep_0053.avi,67,25,2.68,1280,720,True
sweep_0054.avi,sweep,Dataset\rawData\sweep\sweep_0054.avi,82,25,3.28,1280,720,True
sweep_0055.avi,sweep,Dataset\rawData\sweep\sweep_0055.avi,77,25,3.08,1280,720,True
sweep_0056.avi,sweep,Dataset\rawData\sweep\sweep_0056.avi,82,25,3.28,1280,720,True
sweep_0057.avi,sweep,Dataset\rawData\sweep\sweep_0057.avi,87,25,3.48,1280,720,True
sweep_0058.avi,sweep,Dataset\rawData\sweep\sweep_0058.avi,65,25,2.6,1280,720,True
sweep_0059.avi,sweep,Dataset\rawData\sweep\sweep_0059.avi,118,25,4.72,1280,720,True
sweep_0060.avi,sweep,Dataset\rawData\sweep\sweep_0060.avi,84,25,3.36,1280,720,True
sweep_0061.avi,sweep,Dataset\rawData\sweep\sweep_0061.avi,115,25,4.6,1280,720,True
sweep_0062.avi,sweep,Dataset\rawData\sweep\sweep_0062.avi,120,25,4.8,1280,720,True
sweep_0063.avi,sweep,Dataset\rawData\sweep\sweep_0063.avi,117,25,4.68,1280,720,True
sweep_0064.avi,sweep,Dataset\rawData\sweep\sweep_0064.avi,45,25,1.8,1280,720,True
sweep_0065.avi,sweep,Dataset\rawData\sweep\sweep_0065.avi,50,25,2.0,1280,720,True
sweep_0066.avi,sweep,Dataset\rawData\sweep\sweep_0066.avi,51,25,2.04,1280,720,True
sweep_0067.avi,sweep,Dataset\rawData\sweep\sweep_0067.avi,68,25,2.72,1280,720,True
sweep_0068.avi,sweep,Dataset\rawData\sweep\sweep_0068.avi,56,25,2.24,1280,720,True
sweep_0069.avi,sweep,Dataset\rawData\sweep\sweep_0069.avi,60,25,2.4,1280,720,True
sweep_0070.avi,sweep,Dataset\rawData\sweep\sweep_0070.avi,50,25,2.0,1280,720,True
sweep_0071.avi,sweep,Dataset\rawData\sweep\sweep_0071.avi,55,25,2.2,1280,720,True
sweep_0072.avi,sweep,Dataset\rawData\sweep\sweep_0072.avi,50,25,2.0,1280,720,True
sweep_0073.avi,sweep,Dataset\rawData\sweep\sweep_0073.avi,50,25,2.0,1280,720,True
sweep_0074.avi,sweep,Dataset\rawData\sweep\sweep_0074.avi,50,25,2.0,1280,720,True
sweep_0075.avi,sweep,Dataset\rawData\sweep\sweep_0075.avi,50,25,2.0,1280,720,True
sweep_0076.avi,sweep,Dataset\rawData\sweep\sweep_0076.avi,53,25,2.12,1280,720,True
sweep_0077.avi,sweep,Dataset\rawData\sweep\sweep_0077.avi,50,25,2.0,1280,720,True
sweep_0078.avi,sweep,Dataset\rawData\sweep\sweep_0078.avi,47,25,1.88,1280,720,True
sweep_0079.avi,sweep,Dataset\rawData\sweep\sweep_0079.avi,75,25,3.0,1280,720,True
sweep_0080.avi,sweep,Dataset\rawData\sweep\sweep_0080.avi,50,25,2.0,1280,720,True
sweep_0081.avi,sweep,Dataset\rawData\sweep\sweep_0081.avi,52,25,2.08,1280,720,True
sweep_0082.avi,sweep,Dataset\rawData\sweep\sweep_0082.avi,50,25,2.0,1280,720,True
sweep_0083.avi,sweep,Dataset\rawData\sweep\sweep_0083.avi,60,25,2.4,1280,720,True
sweep_0084.avi,sweep,Dataset\rawData\sweep\sweep_0084.avi,54,25,2.16,1280,720,True
sweep_0085.avi,sweep,Dataset\rawData\sweep\sweep_0085.avi,35,25,1.4,1280,720,True
sweep_0086.avi,sweep,Dataset\rawData\sweep\sweep_0086.avi,63,25,2.52,1280,720,True
sweep_0087.avi,sweep,Dataset\rawData\sweep\sweep_0087.avi,40,25,1.6,1280,720,True
sweep_0088.avi,sweep,Dataset\rawData\sweep\sweep_0088.avi,75,25,3.0,1280,720,True
sweep_0089.avi,sweep,Dataset\rawData\sweep\sweep_0089.avi,55,25,2.2,1280,720,True
sweep_0090.avi,sweep,Dataset\rawData\sweep\sweep_0090.avi,59,25,2.36,1280,720,True
sweep_0091.avi,sweep,Dataset\rawData\sweep\sweep_0091.avi,57,25,2.28,1280,720,True
sweep_0092.avi,sweep,Dataset\rawData\sweep\sweep_0092.avi,64,25,2.56,1280,720,True
sweep_0093.avi,sweep,Dataset\rawData\sweep\sweep_0093.avi,66,25,2.64,1280,720,True
sweep_0094.avi,sweep,Dataset\rawData\sweep\sweep_0094.avi,59,25,2.36,1280,720,True
sweep_0095.avi,sweep,Dataset\rawData\sweep\sweep_0095.avi,55,25,2.2,1280,720,True
sweep_0096.avi,sweep,Dataset\rawData\sweep\sweep_0096.avi,67,25,2.68,1280,720,True
sweep_0097.avi,sweep,Dataset\rawData\sweep\sweep_0097.avi,58,25,2.32,1280,720,True
sweep_0098.avi,sweep,Dataset\rawData\sweep\sweep_0098.avi,61,25,2.44,1280,720,True
sweep_0099.avi,sweep,Dataset\rawData\sweep\sweep_0099.avi,65,25,2.6,1280,720,True
sweep_0100.avi,sweep,Dataset\rawData\sweep\sweep_0100.avi,60,25,2.4,1280,720,True
sweep_0101.avi,sweep,Dataset\rawData\sweep\sweep_0101.avi,63,25,2.52,1280,720,True
sweep_0102.avi,sweep,Dataset\rawData\sweep\sweep_0102.avi,70,25,2.8,1280,720,True
sweep_0103.avi,sweep,Dataset\rawData\sweep\sweep_0103.avi,73,25,2.92,1280,720,True
sweep_0104.avi,sweep,Dataset\rawData\sweep\sweep_0104.avi,59,25,2.36,1280,720,True
sweep_0105.avi,sweep,Dataset\rawData\sweep\sweep_0105.avi,64,25,2.56,1280,720,True
sweep_0106.avi,sweep,Dataset\rawData\sweep\sweep_0106.avi,64,25,2.56,1280,720,True
sweep_0107.avi,sweep,Dataset\rawData\sweep\sweep_0107.avi,65,25,2.6,1280,720,True
sweep_0108.avi,sweep,Dataset\rawData\sweep\sweep_0108.avi,60,25,2.4,1280,720,True
sweep_0109.avi,sweep,Dataset\rawData\sweep\sweep_0109.avi,67,25,2.68,1280,720,True
sweep_0110.avi,sweep,Dataset\rawData\sweep\sweep_0110.avi,64,25,2.56,1280,720,True
sweep_0111.avi,sweep,Dataset\rawData\sweep\sweep_0111.avi,56,25,2.24,1280,720,True
sweep_0112.avi,sweep,Dataset\rawData\sweep\sweep_0112.avi,50,25,2.0,1280,720,True
sweep_0113.avi,sweep,Dataset\rawData\sweep\sweep_0113.avi,50,25,2.0,1280,720,True
sweep_0114.avi,sweep,Dataset\rawData\sweep\sweep_0114.avi,50,25,2.0,1280,720,True
sweep_0115.avi,sweep,Dataset\rawData\sweep\sweep_0115.avi,51,25,2.04,1280,720,True
sweep_0116.avi,sweep,Dataset\rawData\sweep\sweep_0116.avi,50,25,2.0,1280,720,True
sweep_0117.avi,sweep,Dataset\rawData\sweep\sweep_0117.avi,50,25,2.0,1280,720,True
sweep_0118.avi,sweep,Dataset\rawData\sweep\sweep_0118.avi,47,25,1.88,1280,720,True
sweep_0119.avi,sweep,Dataset\rawData\sweep\sweep_0119.avi,65,25,2.6,1280,720,True
sweep_0120.avi,sweep,Dataset\rawData\sweep\sweep_0120.avi,50,25,2.0,1280,720,True
sweep_0121.avi,sweep,Dataset\rawData\sweep\sweep_0121.avi,65,25,2.6,1280,720,True
sweep_0122.avi,sweep,Dataset\rawData\sweep\sweep_0122.avi,70,25,2.8,1280,720,True
sweep_0123.avi,sweep,Dataset\rawData\sweep\sweep_0123.avi,61,25,2.44,1280,720,True
sweep_0124.avi,sweep,Dataset\rawData\sweep\sweep_0124.avi,50,25,2.0,1280,720,True
sweep_0125.avi,sweep,Dataset\rawData\sweep\sweep_0125.avi,51,25,2.04,1280,720,True
sweep_0126.avi,sweep,Dataset\rawData\sweep\sweep_0126.avi,55,25,2.2,1280,720,True
sweep_0127.avi,sweep,Dataset\rawData\sweep\sweep_0127.avi,50,25,2.0,1280,720,True
sweep_0128.avi,sweep,Dataset\rawData\sweep\sweep_0128.avi,46,25,1.84,1280,720,True
sweep_0129.avi,sweep,Dataset\rawData\sweep\sweep_0129.avi,44,25,1.76,1280,720,True
sweep_0130.avi,sweep,Dataset\rawData\sweep\sweep_0130.avi,54,25,2.16,1280,720,True
sweep_0131.avi,sweep,Dataset\rawData\sweep\sweep_0131.avi,67,25,2.68,1280,720,True
sweep_0132.avi,sweep,Dataset\rawData\sweep\sweep_0132.avi,63,25,2.52,1280,720,True
sweep_0133.avi,sweep,Dataset\rawData\sweep\sweep_0133.avi,60,25,2.4,1280,720,True
sweep_0134.avi,sweep,Dataset\rawData\sweep\sweep_0134.avi,64,25,2.56,1280,720,True
sweep_0135.avi,sweep,Dataset\rawData\sweep\sweep_0135.avi,57,25,2.28,1280,720,True
sweep_0136.avi,sweep,Dataset\rawData\sweep\sweep_0136.avi,68,25,2.72,1280,720,True
sweep_0137.avi,sweep,Dataset\rawData\sweep\sweep_0137.avi,69,25,2.76,1280,720,True
sweep_0138.avi,sweep,Dataset\rawData\sweep\sweep_0138.avi,55,25,2.2,1280,720,True
sweep_0139.avi,sweep,Dataset\rawData\sweep\sweep_0139.avi,68,25,2.72,1280,720,True
sweep_0140.avi,sweep,Dataset\rawData\sweep\sweep_0140.avi,58,25,2.32,1280,720,True
sweep_0141.avi,sweep,Dataset\rawData\sweep\sweep_0141.avi,37,25,1.48,1280,720,True
sweep_0142.avi,sweep,Dataset\rawData\sweep\sweep_0142.avi,52,25,2.08,1280,720,True
sweep_0143.avi,sweep,Dataset\rawData\sweep\sweep_0143.avi,38,25,1.52,1280,720,True
sweep_0144.avi,sweep,Dataset\rawData\sweep\sweep_0144.avi,40,25,1.6,1280,720,True
sweep_0145.avi,sweep,Dataset\rawData\sweep\sweep_0145.avi,41,25,1.64,1280,720,True
sweep_0146.avi,sweep,Dataset\rawData\sweep\sweep_0146.avi,70,25,2.8,1280,720,True
sweep_0147.avi,sweep,Dataset\rawData\sweep\sweep_0147.avi,42,25,1.68,1280,720,True
sweep_0148.avi,sweep,Dataset\rawData\sweep\sweep_0148.avi,45,25,1.8,1280,720,True
sweep_0149.avi,sweep,Dataset\rawData\sweep\sweep_0149.avi,42,25,1.68,1280,720,True
sweep_0150.avi,sweep,Dataset\rawData\sweep\sweep_0150.avi,62,25,2.48,1280,720,True
sweep_0151.avi,sweep,Dataset\rawData\sweep\sweep_0151.avi,54,25,2.16,1280,720,True
sweep_0152.avi,sweep,Dataset\rawData\sweep\sweep_0152.avi,54,25,2.16,1280,720,True
sweep_0153.avi,sweep,Dataset\rawData\sweep\sweep_0153.avi,57,25,2.28,1280,720,True
sweep_0154.avi,sweep,Dataset\rawData\sweep\sweep_0154.avi,33,25,1.32,1280,720,True
sweep_0155.avi,sweep,Dataset\rawData\sweep\sweep_0155.avi,54,25,2.16,1280,720,True
sweep_0156.avi,sweep,Dataset\rawData\sweep\sweep_0156.avi,32,25,1.28,1280,720,True
sweep_0157.avi,sweep,Dataset\rawData\sweep\sweep_0157.avi,50,25,2.0,1280,720,True
sweep_0158.avi,sweep,Dataset\rawData\sweep\sweep_0158.avi,35,25,1.4,1280,720,True
sweep_0159.avi,sweep,Dataset\rawData\sweep\sweep_0159.avi,46,25,1.84,1280,720,True
sweep_0160.avi,sweep,Dataset\rawData\sweep\sweep_0160.avi,34,25,1.36,1280,720,True
sweep_0161.avi,sweep,Dataset\rawData\sweep\sweep_0161.avi,50,25,2.0,1280,720,True
sweep_0162.avi,sweep,Dataset\rawData\sweep\sweep_0162.avi,35,25,1.4,1280,720,True
sweep_0163.avi,sweep,Dataset\rawData\sweep\sweep_0163.avi,50,25,2.0,1280,720,True
sweep_0164.avi,sweep,Dataset\rawData\sweep\sweep_0164.avi,34,25,1.36,1280,720,True
sweep_0165.avi,sweep,Dataset\rawData\sweep\sweep_0165.avi,50,25,2.0,1280,720,True
sweep_0166.avi,sweep,Dataset\rawData\sweep\sweep_0166.avi,70,25,2.8,1280,720,True
sweep_0167.avi,sweep,Dataset\rawData\sweep\sweep_0167.avi,33,25,1.32,1280,720,True
sweep_0168.avi,sweep,Dataset\rawData\sweep\sweep_0168.avi,53,25,2.12,1280,720,True
sweep_0169.avi,sweep,Dataset\rawData\sweep\sweep_0169.avi,37,25,1.48,1280,720,True
sweep_0170.avi,sweep,Dataset\rawData\sweep\sweep_0170.avi,35,25,1.4,1280,720,True
sweep_0171.avi,sweep,Dataset\rawData\sweep\sweep_0171.avi,68,25,2.72,1280,720,True
sweep_0172.avi,sweep,Dataset\rawData\sweep\sweep_0172.avi,64,25,2.56,1280,720,True
sweep_0173.avi,sweep,Dataset\rawData\sweep\sweep_0173.avi,80,25,3.2,1280,720,True
sweep_0174.avi,sweep,Dataset\rawData\sweep\sweep_0174.avi,97,25,3.88,1280,720,True
sweep_0175.avi,sweep,Dataset\rawData\sweep\sweep_0175.avi,50,25,2.0,1280,720,True
sweep_0176.avi,sweep,Dataset\rawData\sweep\sweep_0176.avi,49,25,1.96,1280,720,True
sweep_0177.avi,sweep,Dataset\rawData\sweep\sweep_0177.avi,47,25,1.88,1280,720,True
sweep_0178.avi,sweep,Dataset\rawData\sweep\sweep_0178.avi,90,25,3.6,1280,720,True
sweep_0179.avi,sweep,Dataset\rawData\sweep\sweep_0179.avi,62,25,2.48,1280,720,True
sweep_0180.avi,sweep,Dataset\rawData\sweep\sweep_0180.avi,51,25,2.04,1280,720,True
sweep_0181.avi,sweep,Dataset\rawData\sweep\sweep_0181.avi,56,25,2.24,1280,720,True
sweep_0182.avi,sweep,Dataset\rawData\sweep\sweep_0182.avi,50,25,2.0,1280,720,True
sweep_0183.avi,sweep,Dataset\rawData\sweep\sweep_0183.avi,85,25,3.4,1280,720,True
sweep_0184.avi,sweep,Dataset\rawData\sweep\sweep_0184.avi,50,25,2.0,1280,720,True
sweep_0185.avi,sweep,Dataset\rawData\sweep\sweep_0185.avi,85,25,3.4,1280,720,True
sweep_0186.avi,sweep,Dataset\rawData\sweep\sweep_0186.avi,51,25,2.04,1280,720,True
sweep_0187.avi,sweep,Dataset\rawData\sweep\sweep_0187.avi,97,25,3.88,1280,720,True
sweep_0188.avi,sweep,Dataset\rawData\sweep\sweep_0188.avi,56,25,2.24,1280,720,True
sweep_0189.avi,sweep,Dataset\rawData\sweep\sweep_0189.avi,65,25,2.6,1280,720,True
sweep_0190.avi,sweep,Dataset\rawData\sweep\sweep_0190.avi,83,25,3.32,1280,720,True
sweep_0191.avi,sweep,Dataset\rawData\sweep\sweep_0191.avi,50,25,2.0,1280,720,True
sweep_0192.avi,sweep,Dataset\rawData\sweep\sweep_0192.avi,55,25,2.2,1280,720,True
sweep_0193.avi,sweep,Dataset\rawData\sweep\sweep_0193.avi,61,25,2.44,1280,720,True
sweep_0194.avi,sweep,Dataset\rawData\sweep\sweep_0194.avi,62,25,2.48,1280,720,True
